folder,round_dir,round,run_id,participant,model,model_label,opponent_model,opponent_model_label,winner,winner_model,winner_model_label,won,lost,draw,terminal_reason,elapsed_time_seconds,timeout_seconds,final_health,opponent_final_health,damage_dealt,damage_taken,shots_fired,shots_hit,accuracy,total_mcp_calls,mcp_errors,participant_mcp_latency_ms,round_mcp_errors,round_mcp_latency_ms,round_decision_latency_ms,avg_decision_latency_ms,set_participant_plan_calls,invalid_plan_count,waypoint_in_wall_cell,route_diagonal_segment,route_errors_other,stuck_recovery_count,shotgun_pickups,health_pickups,first_shotgun,first_health,unique_cells_visited,distance_traveled,damage_diff,damage_per_shot,damage_per_second
player1-gpt-5-5__player2-gpt-5-4,round_01_run_8a151db5dc79,1,run_8a151db5dc79,player_1,gpt-5-5,gpt-5.5,gpt-5-4,gpt-5.4,player_1,gpt-5-5,gpt-5.5,True,False,False,timeout_health,180.4,180,150,140,50,50,9,6,0.667,59,0,1538.441,2,1165.708,11055.886,5237.429,28,14,14,0,0,14,10,22,True,True,0,0,0,5.556,0.277
player1-gpt-5-5__player2-gpt-5-4,round_01_run_8a151db5dc79,1,run_8a151db5dc79,player_2,gpt-5-4,gpt-5.4,gpt-5-5,gpt-5.5,player_1,gpt-5-5,gpt-5.5,False,True,False,timeout_health,180.4,180,140,150,50,50,9,4,0.444,33,0,640.273,2,1165.708,11055.886,21238.188,16,5,4,1,0,11,1,2,False,False,0,0,0,5.556,0.277
player1-gpt-5-5__player2-gpt-5-4,round_02_run_f98512175f2d,2,run_f98512175f2d,player_1,gpt-5-5,gpt-5.5,gpt-5-4,gpt-5.4,draw,draw,draw,False,False,True,timeout_draw,180.5,180,150,150,0,0,0,0,,52,0,827.231,1,776.302,5325.074,5183.0,24,5,5,0,0,19,10,29,False,False,0,0,0,0,0.0
player1-gpt-5-5__player2-gpt-5-4,round_02_run_f98512175f2d,2,run_f98512175f2d,player_2,gpt-5-4,gpt-5.4,gpt-5-5,gpt-5.5,draw,draw,draw,False,False,True,timeout_draw,180.5,180,150,150,0,0,0,0,,10,0,588.8,1,776.302,5325.074,6461.667,4,1,0,1,0,3,481,45,True,True,0,0,0,0,0.0
player1-gpt-5-5__player2-gpt-5-4,round_03_run_e7cbc382638f,3,run_e7cbc382638f,player_1,gpt-5-5,gpt-5.5,gpt-5-4,gpt-5.4,draw,draw,draw,False,False,True,timeout_draw,180.4,180,150,150,80,30,7,6,0.857,42,0,3595.381,0,2384.014,8390.355,5691.235,17,2,2,0,0,15,33,17,False,True,0,0,50,11.429,0.443
player1-gpt-5-5__player2-gpt-5-4,round_03_run_e7cbc382638f,3,run_e7cbc382638f,player_2,gpt-5-4,gpt-5.4,gpt-5-5,gpt-5.5,draw,draw,draw,False,False,True,timeout_draw,180.4,180,150,150,30,80,4,1,0.25,28,0,652.0,0,2384.014,8390.355,11667.857,15,6,2,2,2,9,169,1,True,False,0,0,-50,7.5,0.166
player1-gpt-5-5__player2-gpt-5-4,round_04_run_9b54a809cb3a,4,run_9b54a809cb3a,player_1,gpt-5-5,gpt-5.5,gpt-5-4,gpt-5.4,player_1,gpt-5-5,gpt-5.5,True,False,False,timeout_health,180.1,180,150,70,80,130,13,8,0.615,38,0,1130.316,1,978.295,6130.167,6039.235,17,0,0,0,0,17,33,68,True,True,0,0,-50,6.154,0.444
player1-gpt-5-5__player2-gpt-5-4,round_04_run_9b54a809cb3a,4,run_9b54a809cb3a,player_2,gpt-5-4,gpt-5.4,gpt-5-5,gpt-5.5,player_1,gpt-5-5,gpt-5.5,False,True,False,timeout_health,180.1,180,70,150,130,80,11,11,1.0,5,0,18.0,1,978.295,6130.167,7676.0,2,1,0,1,0,1,0,0,False,False,0,0,50,11.818,0.722
player1-gpt-5-5__player2-gpt-5-4,round_05_run_34a80ed30c88,5,run_34a80ed30c88,player_1,gpt-5-5,gpt-5.5,gpt-5-4,gpt-5.4,player_2,gpt-5-4,gpt-5.4,False,True,False,player_1_dead,120.8,180,0,90,60,180,11,8,0.727,25,0,927.84,0,806.891,7227.7,5712.545,11,0,0,0,0,11,23,44,False,True,0,0,-120,5.455,0.497
player1-gpt-5-5__player2-gpt-5-4,round_05_run_34a80ed30c88,5,run_34a80ed30c88,player_2,gpt-5-4,gpt-5.4,gpt-5-5,gpt-5.5,player_2,gpt-5-4,gpt-5.4,True,False,False,player_1_dead,120.8,180,90,0,180,60,6,4,0.667,20,0,695.95,0,806.891,7227.7,9079.556,9,0,0,0,0,9,30,0,True,False,0,0,120,30.0,1.49
player1-gpt-5-5__player2-gpt-5-4,round_06_run_8a1496190601,6,run_8a1496190601,player_1,gpt-5-5,gpt-5.5,gpt-5-4,gpt-5.4,draw,draw,draw,False,False,True,timeout_draw,180.5,180,150,150,0,0,0,0,,37,2,700.243,2,735.366,6439.222,6260.353,18,2,0,0,2,16,22,30,True,True,0,0,0,0,0.0
player1-gpt-5-5__player2-gpt-5-4,round_06_run_8a1496190601,6,run_8a1496190601,player_2,gpt-5-4,gpt-5.4,gpt-5-5,gpt-5.5,draw,draw,draw,False,False,True,timeout_draw,180.5,180,150,150,0,0,0,0,,4,0,1060.25,2,735.366,6439.222,9480.0,1,0,0,0,0,1,0,0,False,False,0,0,0,0,0.0
player1-gpt-5-5__player2-gpt-5-4,round_07_run_fec3b0bbaf9c,7,run_fec3b0bbaf9c,player_1,gpt-5-5,gpt-5.5,gpt-5-4,gpt-5.4,player_1,gpt-5-5,gpt-5.5,True,False,False,player_2_dead,41.2,180,150,-10,160,0,17,16,0.941,24,0,1099.083,1,893.0,11494.222,14003.4,10,1,0,1,0,9,0,0,False,False,0,0,160,9.412,3.883
player1-gpt-5-5__player2-gpt-5-4,round_07_run_fec3b0bbaf9c,7,run_fec3b0bbaf9c,player_2,gpt-5-4,gpt-5.4,gpt-5-5,gpt-5.5,player_1,gpt-5-5,gpt-5.5,False,True,False,player_2_dead,41.2,180,-10,150,0,160,17,0,0.0,17,0,654.412,1,893.0,11494.222,8357.75,8,2,0,1,1,6,0,1,False,True,0,0,-160,0.0,0.0
player1-gpt-5-5__player2-gpt-5-4,round_08_run_5ad6818e6f02,8,run_5ad6818e6f02,player_1,gpt-5-5,gpt-5.5,gpt-5-4,gpt-5.4,player_1,gpt-5-5,gpt-5.5,True,False,False,player_2_dead,112.5,180,120,0,150,40,74,15,0.203,33,0,2250.485,0,1959.368,5437.769,5272.417,13,1,0,1,0,12,0,50,False,True,0,0,110,2.027,1.333
player1-gpt-5-5__player2-gpt-5-4,round_08_run_5ad6818e6f02,8,run_5ad6818e6f02,player_2,gpt-5-4,gpt-5.4,gpt-5-5,gpt-5.5,player_1,gpt-5-5,gpt-5.5,False,True,False,player_2_dead,112.5,180,0,120,40,150,75,3,0.04,5,0,38.0,0,1959.368,5437.769,7422.0,2,1,0,1,0,1,0,0,False,False,0,0,-110,0.533,0.356
player1-gpt-5-5__player2-gpt-5-4,round_09_run_ab83e3707e5c,9,run_ab83e3707e5c,player_1,gpt-5-5,gpt-5.5,gpt-5-4,gpt-5.4,player_2,gpt-5-4,gpt-5.4,False,True,False,player_1_dead,111.8,180,0,115,35,150,3,3,1.0,25,0,981.76,1,784.093,10449.15,5848.818,11,0,0,0,0,11,31,0,False,False,0,0,-115,11.667,0.313
player1-gpt-5-5__player2-gpt-5-4,round_09_run_ab83e3707e5c,9,run_ab83e3707e5c,player_2,gpt-5-4,gpt-5.4,gpt-5-5,gpt-5.5,player_2,gpt-5-4,gpt-5.4,True,False,False,player_1_dead,111.8,180,115,0,150,35,2,2,1.0,17,0,539.294,1,784.093,10449.15,16071.778,9,4,3,0,1,5,1,0,True,False,0,0,115,75.0,1.342
player1-gpt-5-5__player2-gpt-5-4,round_10_run_f982ef12efe5,10,run_f982ef12efe5,player_1,gpt-5-5,gpt-5.5,gpt-5-4,gpt-5.4,player_1,gpt-5-5,gpt-5.5,True,False,False,player_2_dead,100.5,180,145,0,150,30,43,14,0.326,27,2,692.185,3,569.394,5403.333,5345.909,11,1,0,0,1,10,20,43,True,True,0,0,120,3.488,1.493
player1-gpt-5-5__player2-gpt-5-4,round_10_run_f982ef12efe5,10,run_f982ef12efe5,player_2,gpt-5-4,gpt-5.4,gpt-5-5,gpt-5.5,player_1,gpt-5-5,gpt-5.5,False,True,False,player_2_dead,100.5,180,0,145,30,150,43,3,0.07,5,0,19.6,3,569.394,5403.333,6035.0,2,1,0,1,0,1,0,0,False,False,0,0,-120,0.698,0.299
player1-gpt-5-4__player2-gpt-5-5,round_01_run_637b3b7e72e9,1,run_637b3b7e72e9,player_1,gpt-5-4,gpt-5.4,gpt-5-5,gpt-5.5,player_2,gpt-5-5,gpt-5.5,False,True,False,player_1_dead,169.7,180,-5,60,105,175,24,9,0.375,33,0,490.939,0,757.184,7693.463,11129.4,20,10,10,0,0,10,0,1,False,True,0,0,-70,4.375,0.619
player1-gpt-5-4__player2-gpt-5-5,round_01_run_637b3b7e72e9,1,run_637b3b7e72e9,player_2,gpt-5-5,gpt-5.5,gpt-5-4,gpt-5.4,player_2,gpt-5-5,gpt-5.5,True,False,False,player_1_dead,169.7,180,60,-5,175,105,22,18,0.818,43,0,961.512,0,757.184,7693.463,4421.143,21,10,10,0,0,11,0,1,False,False,0,0,70,7.955,1.031
player1-gpt-5-4__player2-gpt-5-5,round_02_run_e0c5ddf84bd5,2,run_e0c5ddf84bd5,player_1,gpt-5-4,gpt-5.4,gpt-5-5,gpt-5.5,player_1,gpt-5-4,gpt-5.4,True,False,False,player_2_dead,51.8,180,140,-5,155,10,15,14,0.933,13,0,515.308,1,883.033,6487.25,9171.4,6,2,2,0,0,4,0,0,False,False,0,0,145,10.333,2.992
player1-gpt-5-4__player2-gpt-5-5,round_02_run_e0c5ddf84bd5,2,run_e0c5ddf84bd5,player_2,gpt-5-5,gpt-5.5,gpt-5-4,gpt-5.4,player_1,gpt-5-4,gpt-5.4,False,True,False,player_2_dead,51.8,180,-5,140,10,155,14,1,0.071,17,1,1164.235,1,883.033,6487.25,4570.0,7,1,0,0,1,6,0,11,False,True,0,0,-145,0.714,0.193
player1-gpt-5-4__player2-gpt-5-5,round_03_run_4951b4f69e37,3,run_4951b4f69e37,player_1,gpt-5-4,gpt-5.4,gpt-5-5,gpt-5.5,player_2,gpt-5-5,gpt-5.5,False,True,False,player_1_dead,52.9,180,-5,135,100,170,24,9,0.375,15,1,1318.467,3,870.25,5330.917,6028.667,7,2,0,1,1,5,38,1,True,True,0,0,-70,4.167,1.89
player1-gpt-5-4__player2-gpt-5-5,round_03_run_4951b4f69e37,3,run_4951b4f69e37,player_2,gpt-5-5,gpt-5.5,gpt-5-4,gpt-5.4,player_2,gpt-5-5,gpt-5.5,True,False,False,player_1_dead,52.9,180,135,-5,170,100,24,18,0.75,15,0,537.6,3,870.25,5330.917,4633.167,6,0,0,0,0,6,0,1,False,False,0,0,70,7.083,3.214
player1-gpt-5-4__player2-gpt-5-5,round_04_run_a309ac41d000,4,run_a309ac41d000,player_1,gpt-5-4,gpt-5.4,gpt-5-5,gpt-5.5,player_2,gpt-5-5,gpt-5.5,False,True,False,player_1_dead,72.3,180,0,25,125,150,75,12,0.16,13,0,559.385,1,791.0,5897.154,7913.6,5,0,0,0,0,5,0,0,False,False,0,0,-25,1.667,1.729
player1-gpt-5-4__player2-gpt-5-5,round_04_run_a309ac41d000,4,run_a309ac41d000,player_2,gpt-5-5,gpt-5.5,gpt-5-4,gpt-5.4,player_2,gpt-5-5,gpt-5.5,True,False,False,player_1_dead,72.3,180,25,0,150,125,75,17,0.227,20,0,980.9,1,791.0,5897.154,4636.875,8,0,0,0,0,8,0,23,False,True,0,0,25,2.0,2.075
player1-gpt-5-4__player2-gpt-5-5,round_05_run_5be988db4f14,5,run_5be988db4f14,player_1,gpt-5-4,gpt-5.4,gpt-5-5,gpt-5.5,player_1,gpt-5-4,gpt-5.4,True,False,False,player_2_dead,90.4,180,25,-5,155,155,17,16,0.941,18,0,809.722,0,741.548,5520.722,6593.625,8,1,1,0,0,7,0,31,False,True,0,0,0,9.118,1.715
player1-gpt-5-4__player2-gpt-5-5,round_05_run_5be988db4f14,5,run_5be988db4f14,player_2,gpt-5-5,gpt-5.5,gpt-5-4,gpt-5.4,player_1,gpt-5-4,gpt-5.4,False,True,False,player_2_dead,90.4,180,-5,25,155,155,20,20,1.0,24,0,690.417,0,741.548,5520.722,4662.4,11,2,2,0,0,9,0,14,False,False,0,0,0,7.75,1.715
player1-gpt-5-4__player2-gpt-5-5,round_06_run_6e44c18d02ac,6,run_6e44c18d02ac,player_1,gpt-5-4,gpt-5.4,gpt-5-5,gpt-5.5,player_2,gpt-5-5,gpt-5.5,False,True,False,player_1_dead,92.5,180,-5,140,45,190,35,4,0.114,13,0,777.231,0,726.229,5695.786,8024.2,5,0,0,0,0,5,0,20,False,True,0,0,-145,1.286,0.486
player1-gpt-5-4__player2-gpt-5-5,round_06_run_6e44c18d02ac,6,run_6e44c18d02ac,player_2,gpt-5-5,gpt-5.5,gpt-5-4,gpt-5.4,player_2,gpt-5-5,gpt-5.5,True,False,False,player_1_dead,92.5,180,140,-5,190,45,35,20,0.571,22,0,696.091,0,726.229,5695.786,4402.222,9,0,0,0,0,9,0,19,False,False,0,0,145,5.429,2.054
player1-gpt-5-4__player2-gpt-5-5,round_07_run_b682bad01144,7,run_b682bad01144,player_1,gpt-5-4,gpt-5.4,gpt-5-5,gpt-5.5,player_1,gpt-5-4,gpt-5.4,True,False,False,player_2_dead,56.2,180,10,-10,170,165,18,15,0.833,14,0,573.857,0,1012.667,5954.455,6963.8,6,1,0,1,0,5,0,1,False,True,0,0,5,9.444,3.025
player1-gpt-5-4__player2-gpt-5-5,round_07_run_b682bad01144,7,run_b682bad01144,player_2,gpt-5-5,gpt-5.5,gpt-5-4,gpt-5.4,player_1,gpt-5-4,gpt-5.4,False,True,False,player_2_dead,56.2,180,-10,10,165,170,17,17,1.0,16,0,1396.625,0,1012.667,5954.455,5113.333,6,0,0,0,0,6,0,1,False,False,0,0,-5,9.706,2.936
player1-gpt-5-4__player2-gpt-5-5,round_08_run_31a50379abd1,8,run_31a50379abd1,player_1,gpt-5-4,gpt-5.4,gpt-5-5,gpt-5.5,player_2,gpt-5-5,gpt-5.5,False,True,False,player_1_dead,120.4,180,0,135,105,150,43,11,0.256,12,0,478.583,0,632.275,5352.438,6663.75,5,1,0,1,0,4,0,6,False,False,0,0,-45,2.442,0.872
player1-gpt-5-4__player2-gpt-5-5,round_08_run_31a50379abd1,8,run_31a50379abd1,player_2,gpt-5-5,gpt-5.5,gpt-5-4,gpt-5.4,player_2,gpt-5-5,gpt-5.5,True,False,False,player_1_dead,120.4,180,135,0,150,105,44,16,0.364,28,0,698.143,0,632.275,5352.438,4915.333,13,3,3,0,0,10,0,45,False,True,0,0,45,3.409,1.246
player1-gpt-5-4__player2-gpt-5-5,round_09_run_f6f6ec106237,9,run_f6f6ec106237,player_1,gpt-5-4,gpt-5.4,gpt-5-5,gpt-5.5,player_1,gpt-5-4,gpt-5.4,True,False,False,player_2_dead,106.7,180,30,0,165,120,50,16,0.32,12,0,542.833,0,611.194,9752.154,11366.2,5,1,1,0,0,4,0,0,False,False,0,0,45,3.3,1.546
player1-gpt-5-4__player2-gpt-5-5,round_09_run_f6f6ec106237,9,run_f6f6ec106237,player_2,gpt-5-5,gpt-5.5,gpt-5-4,gpt-5.4,player_1,gpt-5-4,gpt-5.4,False,True,False,player_2_dead,106.7,180,0,30,120,165,43,14,0.326,19,0,654.368,0,611.194,9752.154,8743.375,8,0,0,0,0,8,0,13,False,True,0,0,-45,2.791,1.125
player1-gpt-5-4__player2-gpt-5-5,round_10_run_f2b34edcf47e,10,run_f2b34edcf47e,player_1,gpt-5-4,gpt-5.4,gpt-5-5,gpt-5.5,player_2,gpt-5-5,gpt-5.5,False,True,False,player_1_dead,80.5,180,-5,35,140,155,38,15,0.395,20,2,4571.0,4,2478.905,6429.643,7441.5,6,1,0,0,1,5,0,11,False,False,0,0,-15,3.684,1.739
player1-gpt-5-4__player2-gpt-5-5,round_10_run_f2b34edcf47e,10,run_f2b34edcf47e,player_2,gpt-5-5,gpt-5.5,gpt-5-4,gpt-5.4,player_2,gpt-5-5,gpt-5.5,True,False,False,player_1_dead,80.5,180,35,-5,155,140,39,17,0.436,21,1,604.333,4,2478.905,6429.643,5670.75,8,0,0,0,0,8,0,41,False,True,0,0,15,3.974,1.925
player1-gpt-5-5__player2-gpt-5-4-mini,round_01_run_e2afd1401dde,1,run_e2afd1401dde,player_1,gpt-5-5,gpt-5.5,gpt-5-4-mini,gpt-5.4-mini,player_1,gpt-5-5,gpt-5.5,True,False,False,player_2_dead,138.1,180,150,0,195,55,43,17,0.395,36,0,690.111,0,706.456,9474.606,8747.083,24,15,15,0,0,9,6,10,True,True,0,0,140,4.535,1.412
player1-gpt-5-5__player2-gpt-5-4-mini,round_01_run_e2afd1401dde,1,run_e2afd1401dde,player_2,gpt-5-4-mini,gpt-5.4-mini,gpt-5-5,gpt-5.5,player_1,gpt-5-5,gpt-5.5,False,True,False,player_2_dead,138.1,180,0,150,55,195,53,5,0.094,21,0,734.476,0,706.456,9474.606,11414.667,9,1,1,0,0,8,0,1,False,False,0,0,-140,1.038,0.398
player1-gpt-5-5__player2-gpt-5-4-mini,round_02_run_240a02752d46,2,run_240a02752d46,player_1,gpt-5-5,gpt-5.5,gpt-5-4-mini,gpt-5.4-mini,player_2,gpt-5-4-mini,gpt-5.4-mini,False,True,False,player_1_dead,57.3,180,-5,105,45,170,4,4,1.0,17,0,2082.059,1,1187.118,7019.308,4693.286,7,0,0,0,0,7,0,1,False,True,0,0,-125,11.25,0.785
player1-gpt-5-5__player2-gpt-5-4-mini,round_02_run_240a02752d46,2,run_240a02752d46,player_2,gpt-5-4-mini,gpt-5.4-mini,gpt-5-5,gpt-5.5,player_2,gpt-5-4-mini,gpt-5.4-mini,True,False,False,player_1_dead,57.3,180,105,-5,170,45,15,15,1.0,15,0,330.8,1,1187.118,7019.308,9733.0,7,2,1,1,0,5,0,0,False,False,0,0,125,11.333,2.967
player1-gpt-5-5__player2-gpt-5-4-mini,round_03_run_7512ffd0bcc6,3,run_7512ffd0bcc6,player_1,gpt-5-5,gpt-5.5,gpt-5-4-mini,gpt-5.4-mini,player_2,gpt-5-4-mini,gpt-5.4-mini,False,True,False,player_1_dead,90.0,180,0,105,45,190,6,4,0.667,24,2,965.167,2,761.026,10625.842,11854.214,15,9,7,0,2,6,22,1,True,True,0,0,-145,7.5,0.5
player1-gpt-5-5__player2-gpt-5-4-mini,round_03_run_7512ffd0bcc6,3,run_7512ffd0bcc6,player_2,gpt-5-4-mini,gpt-5.4-mini,gpt-5-5,gpt-5.5,player_2,gpt-5-4-mini,gpt-5.4-mini,True,False,False,player_1_dead,90.0,180,105,0,190,45,18,16,0.889,15,0,434.4,2,761.026,10625.842,7186.4,7,2,1,1,0,5,0,0,False,False,0,0,145,10.556,2.111
player1-gpt-5-5__player2-gpt-5-4-mini,round_04_run_b57fd90ae605,4,run_b57fd90ae605,player_1,gpt-5-5,gpt-5.5,gpt-5-4-mini,gpt-5.4-mini,player_1,gpt-5-5,gpt-5.5,True,False,False,player_2_dead,49.1,180,120,0,150,30,7,6,0.857,14,0,575.214,2,1154.576,5504.833,5565.2,5,0,0,0,0,5,37,0,True,False,0,0,120,21.429,3.055
player1-gpt-5-5__player2-gpt-5-4-mini,round_04_run_b57fd90ae605,4,run_b57fd90ae605,player_2,gpt-5-4-mini,gpt-5.4-mini,gpt-5-5,gpt-5.5,player_1,gpt-5-5,gpt-5.5,False,True,False,player_2_dead,49.1,180,0,120,30,150,12,3,0.25,18,1,1669.167,2,1154.576,5504.833,5461.714,7,1,0,0,1,6,0,0,False,False,0,0,-120,2.5,0.611
player1-gpt-5-5__player2-gpt-5-4-mini,round_05_run_4daa429bc7db,5,run_4daa429bc7db,player_1,gpt-5-5,gpt-5.5,gpt-5-4-mini,gpt-5.4-mini,player_1,gpt-5-5,gpt-5.5,True,False,False,player_2_dead,39.8,180,120,-10,160,30,3,3,1.0,14,0,1010.571,2,762.889,7328.0,6085.6,6,1,0,1,0,5,10,0,True,False,0,0,130,53.333,4.02
player1-gpt-5-5__player2-gpt-5-4-mini,round_05_run_4daa429bc7db,5,run_4daa429bc7db,player_2,gpt-5-4-mini,gpt-5.4-mini,gpt-5-5,gpt-5.5,player_1,gpt-5-5,gpt-5.5,False,True,False,player_2_dead,39.8,180,-10,120,30,160,4,2,0.5,12,1,536.333,2,762.889,7328.0,8570.4,5,1,0,0,1,4,0,0,False,False,0,0,-130,7.5,0.754
player1-gpt-5-5__player2-gpt-5-4-mini,round_06_run_2e7c9df81081,6,run_2e7c9df81081,player_1,gpt-5-5,gpt-5.5,gpt-5-4-mini,gpt-5.4-mini,player_1,gpt-5-5,gpt-5.5,True,False,False,player_2_dead,38.5,180,120,-5,155,30,20,5,0.25,13,0,921.615,0,651.769,5912.9,4690.4,5,0,0,0,0,5,16,0,True,False,0,0,125,7.75,4.026
player1-gpt-5-5__player2-gpt-5-4-mini,round_06_run_2e7c9df81081,6,run_2e7c9df81081,player_2,gpt-5-4-mini,gpt-5.4-mini,gpt-5-5,gpt-5.5,player_1,gpt-5-5,gpt-5.5,False,True,False,player_2_dead,38.5,180,-5,120,30,155,21,3,0.143,13,0,381.923,0,651.769,5912.9,7135.4,5,0,0,0,0,5,0,0,False,False,0,0,-125,1.429,0.779
player1-gpt-5-5__player2-gpt-5-4-mini,round_07_run_6802797471d7,7,run_6802797471d7,player_1,gpt-5-5,gpt-5.5,gpt-5-4-mini,gpt-5.4-mini,player_1,gpt-5-5,gpt-5.5,True,False,False,player_2_dead,43.5,180,85,-5,155,65,18,5,0.278,14,0,745.5,0,658.36,5317.111,4092.8,5,0,0,0,0,5,15,0,True,False,0,0,90,8.611,3.563
player1-gpt-5-5__player2-gpt-5-4-mini,round_07_run_6802797471d7,7,run_6802797471d7,player_2,gpt-5-4-mini,gpt-5.4-mini,gpt-5-5,gpt-5.5,player_1,gpt-5-5,gpt-5.5,False,True,False,player_2_dead,43.5,180,-5,85,65,155,22,6,0.273,11,0,547.455,0,658.36,5317.111,6847.5,4,0,0,0,0,4,0,0,False,False,0,0,-90,2.955,1.494
player1-gpt-5-5__player2-gpt-5-4-mini,round_08_run_2935965498f3,8,run_2935965498f3,player_1,gpt-5-5,gpt-5.5,gpt-5-4-mini,gpt-5.4-mini,player_1,gpt-5-5,gpt-5.5,True,False,False,player_2_dead,29.7,180,125,0,150,25,14,14,1.0,9,0,745.0,0,841.0,7654.667,7344.0,3,0,0,0,0,3,10,0,True,False,0,0,125,10.714,5.051
player1-gpt-5-5__player2-gpt-5-4-mini,round_08_run_2935965498f3,8,run_2935965498f3,player_2,gpt-5-4-mini,gpt-5.4-mini,gpt-5-5,gpt-5.5,player_1,gpt-5-5,gpt-5.5,False,True,False,player_2_dead,29.7,180,0,125,25,150,13,2,0.154,9,0,937.0,0,841.0,7654.667,7965.333,3,0,0,0,0,3,0,0,False,False,0,0,-125,1.923,0.842
player1-gpt-5-5__player2-gpt-5-4-mini,round_09_run_374d1b26896a,9,run_374d1b26896a,player_1,gpt-5-5,gpt-5.5,gpt-5-4-mini,gpt-5.4-mini,player_1,gpt-5-5,gpt-5.5,True,False,False,player_2_dead,31.4,180,135,-5,155,15,15,15,1.0,10,0,462.7,2,451.429,8050.143,7975.333,4,1,0,1,0,3,0,0,False,False,0,0,140,10.333,4.936
player1-gpt-5-5__player2-gpt-5-4-mini,round_09_run_374d1b26896a,9,run_374d1b26896a,player_2,gpt-5-4-mini,gpt-5.4-mini,gpt-5-5,gpt-5.5,player_1,gpt-5-5,gpt-5.5,False,True,False,player_2_dead,31.4,180,-5,135,15,155,14,1,0.071,11,2,441.182,2,451.429,8050.143,8106.25,5,2,0,0,2,3,0,0,False,False,0,0,-140,1.071,0.478
player1-gpt-5-5__player2-gpt-5-4-mini,round_10_run_1328f79bc772,10,run_1328f79bc772,player_1,gpt-5-5,gpt-5.5,gpt-5-4-mini,gpt-5.4-mini,player_2,gpt-5-4-mini,gpt-5.4-mini,False,True,False,player_1_dead,50.7,180,0,35,115,150,28,11,0.393,15,1,1290.8,3,813.688,6287.545,4713.8,5,0,0,0,0,5,1,12,True,True,0,0,-35,4.107,2.268
player1-gpt-5-5__player2-gpt-5-4-mini,round_10_run_1328f79bc772,10,run_1328f79bc772,player_2,gpt-5-4-mini,gpt-5.4-mini,gpt-5-5,gpt-5.5,player_2,gpt-5-4-mini,gpt-5.4-mini,True,False,False,player_1_dead,50.7,180,35,0,150,115,28,12,0.429,16,1,417.062,3,813.688,6287.545,7599.0,6,0,0,0,0,6,0,0,False,False,0,0,35,5.357,2.959
player1-gpt-5-4-mini__player2-gpt-5-5,round_01_run_6f8826ddefbb,1,run_6f8826ddefbb,player_1,gpt-5-4-mini,gpt-5.4-mini,gpt-5-5,gpt-5.5,player_2,gpt-5-5,gpt-5.5,False,True,False,player_1_dead,158.6,180,-5,40,110,155,47,10,0.213,37,0,361.892,0,410.681,9974.447,7068.588,17,4,4,0,0,13,0,0,False,False,0,0,-45,2.34,0.694
player1-gpt-5-4-mini__player2-gpt-5-5,round_01_run_6f8826ddefbb,1,run_6f8826ddefbb,player_2,gpt-5-5,gpt-5.5,gpt-5-4-mini,gpt-5.4-mini,player_2,gpt-5-5,gpt-5.5,True,False,False,player_1_dead,158.6,180,40,-5,155,110,47,15,0.319,32,0,467.094,0,410.681,9974.447,12326.81,21,13,13,0,0,8,14,121,True,True,0,0,45,3.298,0.977
player1-gpt-5-4-mini__player2-gpt-5-5,round_02_run_2c8b6d14c94b,2,run_2c8b6d14c94b,player_1,gpt-5-4-mini,gpt-5.4-mini,gpt-5-5,gpt-5.5,player_2,gpt-5-5,gpt-5.5,False,True,False,player_1_dead,59.6,180,-5,50,100,155,31,9,0.29,12,1,410.25,2,783.516,8152.909,13661.5,5,2,0,1,1,3,0,0,False,False,0,0,-55,3.226,1.678
player1-gpt-5-4-mini__player2-gpt-5-5,round_02_run_2c8b6d14c94b,2,run_2c8b6d14c94b,player_2,gpt-5-5,gpt-5.5,gpt-5-4-mini,gpt-5.4-mini,player_2,gpt-5-5,gpt-5.5,True,False,False,player_1_dead,59.6,180,50,-5,155,100,31,12,0.387,18,0,1075.722,2,783.516,8152.909,5005.143,8,1,0,1,0,7,0,9,False,True,0,0,55,5.0,2.601
player1-gpt-5-4-mini__player2-gpt-5-5,round_03_run_7c860696b5d6,3,run_7c860696b5d6,player_1,gpt-5-4-mini,gpt-5.4-mini,gpt-5-5,gpt-5.5,player_2,gpt-5-5,gpt-5.5,False,True,False,player_1_dead,54.3,180,0,45,105,150,38,8,0.211,16,1,348.438,5,998.111,5459.833,5983.0,6,0,0,0,0,6,0,0,False,False,0,0,-45,2.763,1.934
player1-gpt-5-4-mini__player2-gpt-5-5,round_03_run_7c860696b5d6,3,run_7c860696b5d6,player_2,gpt-5-5,gpt-5.5,gpt-5-4-mini,gpt-5.4-mini,player_2,gpt-5-5,gpt-5.5,True,False,False,player_1_dead,54.3,180,45,0,150,105,38,15,0.395,16,0,1896.375,5,998.111,5459.833,4936.667,6,0,0,0,0,6,0,16,False,True,0,0,45,3.947,2.762
player1-gpt-5-4-mini__player2-gpt-5-5,round_04_run_1b92a06dbe3e,4,run_1b92a06dbe3e,player_1,gpt-5-4-mini,gpt-5.4-mini,gpt-5-5,gpt-5.5,player_2,gpt-5-5,gpt-5.5,False,True,False,player_1_dead,73.9,180,0,70,80,150,52,8,0.154,8,0,666.625,0,1213.731,7036.0,13695.0,2,0,0,0,0,2,0,0,False,False,0,0,-70,1.538,1.083
player1-gpt-5-4-mini__player2-gpt-5-5,round_04_run_1b92a06dbe3e,4,run_1b92a06dbe3e,player_2,gpt-5-5,gpt-5.5,gpt-5-4-mini,gpt-5.4-mini,player_2,gpt-5-5,gpt-5.5,True,False,False,player_1_dead,73.9,180,70,0,150,80,52,14,0.269,18,0,1456.889,0,1213.731,7036.0,5133.429,8,1,0,1,0,7,0,25,False,True,0,0,70,2.885,2.03
player1-gpt-5-4-mini__player2-gpt-5-5,round_05_run_6ad351efa3f7,5,run_6ad351efa3f7,player_1,gpt-5-4-mini,gpt-5.4-mini,gpt-5-5,gpt-5.5,player_2,gpt-5-5,gpt-5.5,False,True,False,player_1_dead,47.2,180,-5,65,85,155,21,8,0.381,16,0,218.812,1,686.032,7221.615,9003.857,8,4,2,2,0,4,0,0,False,False,0,0,-70,4.048,1.801
player1-gpt-5-4-mini__player2-gpt-5-5,round_05_run_6ad351efa3f7,5,run_6ad351efa3f7,player_2,gpt-5-5,gpt-5.5,gpt-5-4-mini,gpt-5.4-mini,player_2,gpt-5-5,gpt-5.5,True,False,False,player_1_dead,47.2,180,65,-5,155,85,21,13,0.619,15,1,1184.4,1,686.032,7221.615,5142.333,6,1,0,0,1,5,0,0,False,False,0,0,70,7.381,3.284
player1-gpt-5-4-mini__player2-gpt-5-5,round_06_run_f8bec982b72b,6,run_f8bec982b72b,player_1,gpt-5-4-mini,gpt-5.4-mini,gpt-5-5,gpt-5.5,player_1,gpt-5-4-mini,gpt-5.4-mini,True,False,False,player_2_dead,60.3,180,10,0,150,150,37,13,0.351,15,0,427.8,0,595.121,5702.917,7293.8,6,2,1,1,0,4,0,1,False,True,0,0,0,4.054,2.488
player1-gpt-5-4-mini__player2-gpt-5-5,round_06_run_f8bec982b72b,6,run_f8bec982b72b,player_2,gpt-5-5,gpt-5.5,gpt-5-4-mini,gpt-5.4-mini,player_1,gpt-5-4-mini,gpt-5.4-mini,False,True,False,player_2_dead,60.3,180,0,10,150,150,35,13,0.371,18,0,734.556,0,595.121,5702.917,4566.571,7,0,0,0,0,7,0,10,False,False,0,0,0,4.286,2.488
player1-gpt-5-4-mini__player2-gpt-5-5,round_07_run_bbbf08c44c0c,7,run_bbbf08c44c0c,player_1,gpt-5-4-mini,gpt-5.4-mini,gpt-5-5,gpt-5.5,player_2,gpt-5-5,gpt-5.5,False,True,False,player_1_dead,94.0,180,0,65,165,150,61,17,0.279,22,0,553.818,0,669.909,6411.526,6821.0,10,2,0,1,1,8,0,0,False,False,0,0,15,2.705,1.755
player1-gpt-5-4-mini__player2-gpt-5-5,round_07_run_bbbf08c44c0c,7,run_bbbf08c44c0c,player_2,gpt-5-5,gpt-5.5,gpt-5-4-mini,gpt-5.4-mini,player_2,gpt-5-5,gpt-5.5,True,False,False,player_1_dead,94.0,180,65,0,150,165,62,17,0.274,22,0,786.0,0,669.909,6411.526,6043.0,10,0,0,0,0,10,0,35,False,True,0,0,-15,2.419,1.596
player1-gpt-5-4-mini__player2-gpt-5-5,round_08_run_56ce42f5004c,8,run_56ce42f5004c,player_1,gpt-5-4-mini,gpt-5.4-mini,gpt-5-5,gpt-5.5,player_2,gpt-5-5,gpt-5.5,False,True,False,player_1_dead,83.1,180,-5,105,145,155,46,14,0.304,17,0,480.882,1,915.513,8408.733,13108.5,6,2,1,1,0,4,0,14,False,False,0,0,-10,3.152,1.745
player1-gpt-5-4-mini__player2-gpt-5-5,round_08_run_56ce42f5004c,8,run_56ce42f5004c,player_2,gpt-5-5,gpt-5.5,gpt-5-4-mini,gpt-5.4-mini,player_2,gpt-5-5,gpt-5.5,True,False,False,player_1_dead,83.1,180,105,-5,155,145,46,13,0.283,21,0,1310.667,1,915.513,8408.733,5275.556,9,0,0,0,0,9,0,44,False,True,0,0,10,3.37,1.865
player1-gpt-5-4-mini__player2-gpt-5-5,round_09_run_e09dfee68259,9,run_e09dfee68259,player_1,gpt-5-4-mini,gpt-5.4-mini,gpt-5-5,gpt-5.5,player_2,gpt-5-5,gpt-5.5,False,True,False,player_1_dead,61.2,180,0,95,55,150,12,6,0.5,14,0,470.786,0,938.161,6184.0,7668.75,6,2,1,1,0,4,0,0,False,False,0,0,-95,4.583,0.899
player1-gpt-5-4-mini__player2-gpt-5-5,round_09_run_e09dfee68259,9,run_e09dfee68259,player_2,gpt-5-5,gpt-5.5,gpt-5-4-mini,gpt-5.4-mini,player_2,gpt-5-5,gpt-5.5,True,False,False,player_1_dead,61.2,180,95,0,150,55,13,12,0.923,17,0,1323.059,0,938.161,6184.0,5335.571,7,0,0,0,0,7,0,18,False,True,0,0,95,11.538,2.451
player1-gpt-5-4-mini__player2-gpt-5-5,round_10_run_22870f6dcf52,10,run_22870f6dcf52,player_1,gpt-5-4-mini,gpt-5.4-mini,gpt-5-5,gpt-5.5,player_2,gpt-5-5,gpt-5.5,False,True,False,player_1_dead,85.5,180,-10,85,135,160,67,14,0.209,20,1,446.2,4,663.705,6326.5,7897.857,8,1,0,1,0,7,0,0,False,False,0,0,-25,2.015,1.579
player1-gpt-5-4-mini__player2-gpt-5-5,round_10_run_22870f6dcf52,10,run_22870f6dcf52,player_2,gpt-5-5,gpt-5.5,gpt-5-4-mini,gpt-5.4-mini,player_2,gpt-5-5,gpt-5.5,True,False,False,player_1_dead,85.5,180,85,-10,160,135,69,17,0.246,23,2,881.522,4,663.705,6326.5,5104.333,9,1,0,0,1,8,0,35,False,True,0,0,25,2.319,1.871
player1-gpt-5-5__player2-gpt-5-3-codex-spark,round_01_run_bb264c6b9679,1,run_bb264c6b9679,player_1,gpt-5-5,gpt-5.5,gpt-5-3-codex-spark,gpt-5.3-codex-spark,player_1,gpt-5-5,gpt-5.5,True,False,False,player_2_dead,98.2,180,80,-5,155,70,34,14,0.412,25,0,756.44,0,784.25,8637.185,8020.909,11,6,5,1,0,5,0,81,False,True,0,0,85,4.559,1.578
player1-gpt-5-5__player2-gpt-5-3-codex-spark,round_01_run_bb264c6b9679,1,run_bb264c6b9679,player_2,gpt-5-3-codex-spark,gpt-5.3-codex-spark,gpt-5-5,gpt-5.5,player_1,gpt-5-5,gpt-5.5,False,True,False,player_2_dead,98.2,180,-5,80,70,155,33,5,0.152,30,0,937.533,0,784.25,8637.185,9060.875,16,5,3,0,2,11,0,5,False,False,0,0,-85,2.121,0.713
player1-gpt-5-5__player2-gpt-5-3-codex-spark,round_02_run_ad29516606e9,2,run_ad29516606e9,player_1,gpt-5-5,gpt-5.5,gpt-5-3-codex-spark,gpt-5.3-codex-spark,player_1,gpt-5-5,gpt-5.5,True,False,False,player_2_dead,170.5,180,120,0,150,30,17,14,0.824,26,0,791.692,0,718.603,7465.241,7460.182,12,6,6,0,0,6,0,0,False,False,0,0,120,8.824,0.88
player1-gpt-5-5__player2-gpt-5-3-codex-spark,round_02_run_ad29516606e9,2,run_ad29516606e9,player_2,gpt-5-3-codex-spark,gpt-5.3-codex-spark,gpt-5-5,gpt-5.5,player_1,gpt-5-5,gpt-5.5,False,True,False,player_2_dead,170.5,180,0,120,30,150,16,3,0.188,35,0,705.0,0,718.603,7465.241,7468.333,18,5,5,0,0,13,0,32,False,True,0,0,-120,1.875,0.176
player1-gpt-5-5__player2-gpt-5-3-codex-spark,round_03_run_842f5f0273b5,3,run_842f5f0273b5,player_1,gpt-5-5,gpt-5.5,gpt-5-3-codex-spark,gpt-5.3-codex-spark,player_2,gpt-5-3-codex-spark,gpt-5.3-codex-spark,False,True,False,player_1_dead,48.3,180,-10,10,140,160,35,12,0.343,11,1,446.636,1,889.538,5652.222,7606.0,5,2,0,1,1,3,0,0,False,False,0,0,-20,4.0,2.899
player1-gpt-5-5__player2-gpt-5-3-codex-spark,round_03_run_842f5f0273b5,3,run_842f5f0273b5,player_2,gpt-5-3-codex-spark,gpt-5.3-codex-spark,gpt-5-5,gpt-5.5,player_2,gpt-5-3-codex-spark,gpt-5.3-codex-spark,True,False,False,player_1_dead,48.3,180,10,-10,160,140,36,13,0.361,13,0,1400.308,1,889.538,5652.222,4089.2,5,0,0,0,0,5,0,0,False,False,0,0,20,4.444,3.313
player1-gpt-5-5__player2-gpt-5-3-codex-spark,round_04_run_c77cb57b2999,4,run_c77cb57b2999,player_1,gpt-5-5,gpt-5.5,gpt-5-3-codex-spark,gpt-5.3-codex-spark,player_2,gpt-5-3-codex-spark,gpt-5.3-codex-spark,False,True,False,player_1_dead,52.2,180,0,95,55,150,44,7,0.159,10,0,491.7,0,883.783,6086.0,7553.25,4,0,0,0,0,4,0,0,False,False,0,0,-95,1.25,1.054
player1-gpt-5-5__player2-gpt-5-3-codex-spark,round_04_run_c77cb57b2999,4,run_c77cb57b2999,player_2,gpt-5-3-codex-spark,gpt-5.3-codex-spark,gpt-5-5,gpt-5.5,player_2,gpt-5-3-codex-spark,gpt-5.3-codex-spark,True,False,False,player_1_dead,52.2,180,95,0,150,55,46,14,0.304,10,0,1539.1,0,883.783,6086.0,4129.667,3,0,0,0,0,3,0,0,False,False,0,0,95,3.261,2.874
player1-gpt-5-5__player2-gpt-5-3-codex-spark,round_05_run_3bf7a66f0385,5,run_3bf7a66f0385,player_1,gpt-5-5,gpt-5.5,gpt-5-3-codex-spark,gpt-5.3-codex-spark,player_1,gpt-5-5,gpt-5.5,True,False,False,player_2_dead,156.0,180,105,-10,160,75,34,15,0.441,22,0,721.818,0,689.053,7116.96,9097.444,9,3,3,0,0,6,0,1,False,True,0,0,85,4.706,1.026
player1-gpt-5-5__player2-gpt-5-3-codex-spark,round_05_run_3bf7a66f0385,5,run_3bf7a66f0385,player_2,gpt-5-3-codex-spark,gpt-5.3-codex-spark,gpt-5-5,gpt-5.5,player_1,gpt-5-5,gpt-5.5,False,True,False,player_2_dead,156.0,180,-10,105,75,160,35,7,0.2,32,0,730.719,0,689.053,7116.96,6002.938,16,3,2,1,0,13,0,0,False,False,0,0,-85,2.143,0.481
player1-gpt-5-5__player2-gpt-5-3-codex-spark,round_06_run_033b915cdbf9,6,run_033b915cdbf9,player_1,gpt-5-5,gpt-5.5,gpt-5-3-codex-spark,gpt-5.3-codex-spark,player_2,gpt-5-3-codex-spark,gpt-5.3-codex-spark,False,True,False,player_1_dead,96.1,180,0,10,140,150,24,14,0.583,16,0,645.25,0,726.975,7890.8,8126.0,7,1,0,1,0,6,0,1,False,True,0,0,-10,5.833,1.457
player1-gpt-5-5__player2-gpt-5-3-codex-spark,round_06_run_033b915cdbf9,6,run_033b915cdbf9,player_2,gpt-5-3-codex-spark,gpt-5.3-codex-spark,gpt-5-5,gpt-5.5,player_2,gpt-5-3-codex-spark,gpt-5.3-codex-spark,True,False,False,player_1_dead,96.1,180,10,0,150,140,25,14,0.56,20,0,936.4,0,726.975,7890.8,7734.0,10,3,2,1,0,7,0,0,False,False,0,0,10,6.0,1.561
player1-gpt-5-5__player2-gpt-5-3-codex-spark,round_07_run_2b93e8c5c171,7,run_2b93e8c5c171,player_1,gpt-5-5,gpt-5.5,gpt-5-3-codex-spark,gpt-5.3-codex-spark,player_2,gpt-5-3-codex-spark,gpt-5.3-codex-spark,False,True,False,player_1_dead,120.0,180,0,85,65,160,46,7,0.152,19,0,662.579,1,958.565,8200.7,8132.375,9,1,0,1,0,8,0,1,False,True,0,0,-95,1.413,0.542
player1-gpt-5-5__player2-gpt-5-3-codex-spark,round_07_run_2b93e8c5c171,7,run_2b93e8c5c171,player_2,gpt-5-3-codex-spark,gpt-5.3-codex-spark,gpt-5-5,gpt-5.5,player_2,gpt-5-3-codex-spark,gpt-5.3-codex-spark,True,False,False,player_1_dead,120.0,180,85,0,160,65,48,16,0.333,25,1,1259.76,1,958.565,8200.7,8246.25,12,2,1,0,1,10,0,0,False,False,0,0,95,3.333,1.333
player1-gpt-5-5__player2-gpt-5-3-codex-spark,round_08_run_7b5c8745bdb8,8,run_7b5c8745bdb8,player_1,gpt-5-5,gpt-5.5,gpt-5-3-codex-spark,gpt-5.3-codex-spark,player_1,gpt-5-5,gpt-5.5,True,False,False,player_2_dead,123.3,180,10,0,150,140,17,17,1.0,18,0,2564.056,1,1738.915,9031.647,7975.429,7,1,1,0,0,6,0,0,False,False,0,0,10,8.824,1.217
player1-gpt-5-5__player2-gpt-5-3-codex-spark,round_08_run_7b5c8745bdb8,8,run_7b5c8745bdb8,player_2,gpt-5-3-codex-spark,gpt-5.3-codex-spark,gpt-5-5,gpt-5.5,player_1,gpt-5-5,gpt-5.5,False,True,False,player_2_dead,123.3,180,0,10,140,150,19,11,0.579,26,1,1367.769,1,1738.915,9031.647,9771.0,14,5,3,1,1,9,0,0,False,False,0,0,-10,7.368,1.135
player1-gpt-5-5__player2-gpt-5-3-codex-spark,round_09_run_88a766d6da0e,9,run_88a766d6da0e,player_1,gpt-5-5,gpt-5.5,gpt-5-3-codex-spark,gpt-5.3-codex-spark,player_1,gpt-5-5,gpt-5.5,True,False,False,timeout_health,180.0,180,150,110,40,60,39,4,0.103,22,1,722.591,1,772.823,9158.6,9946.0,10,1,0,0,1,9,0,11,False,True,0,0,-20,1.026,0.222
player1-gpt-5-5__player2-gpt-5-3-codex-spark,round_09_run_88a766d6da0e,9,run_88a766d6da0e,player_2,gpt-5-3-codex-spark,gpt-5.3-codex-spark,gpt-5-5,gpt-5.5,player_1,gpt-5-5,gpt-5.5,False,True,False,timeout_health,180.0,180,110,150,60,40,39,6,0.154,36,0,888.861,1,772.823,9158.6,8764.9,22,10,8,2,0,12,1,0,True,False,0,0,20,1.538,0.333
player1-gpt-5-5__player2-gpt-5-3-codex-spark,round_10_run_63d63d777579,10,run_63d63d777579,player_1,gpt-5-5,gpt-5.5,gpt-5-3-codex-spark,gpt-5.3-codex-spark,player_1,gpt-5-5,gpt-5.5,True,False,False,player_2_dead,39.4,180,130,0,150,20,29,15,0.517,9,2,377.222,3,728.826,7064.167,8190.0,3,1,0,0,1,2,0,65,False,True,0,0,130,5.172,3.807
player1-gpt-5-5__player2-gpt-5-3-codex-spark,round_10_run_63d63d777579,10,run_63d63d777579,player_2,gpt-5-3-codex-spark,gpt-5.3-codex-spark,gpt-5-5,gpt-5.5,player_1,gpt-5-5,gpt-5.5,False,True,False,player_2_dead,39.4,180,0,130,20,150,29,2,0.069,11,1,1212.364,3,728.826,7064.167,5938.333,4,0,0,0,0,4,0,0,False,False,0,0,-130,0.69,0.508
player1-gpt-5-3-codex-spark__player2-gpt-5-5,round_01_run_f3b5363d72b7,1,run_f3b5363d72b7,player_1,gpt-5-3-codex-spark,gpt-5.3-codex-spark,gpt-5-5,gpt-5.5,player_2,gpt-5-5,gpt-5.5,False,True,False,timeout_health,180.6,180,65,85,80,85,87,7,0.08,22,0,759.182,0,1439.538,16350.107,17470.2,10,1,1,0,0,9,0,0,False,False,0,0,-5,0.92,0.443
player1-gpt-5-3-codex-spark__player2-gpt-5-5,round_01_run_f3b5363d72b7,1,run_f3b5363d72b7,player_2,gpt-5-5,gpt-5.5,gpt-5-3-codex-spark,gpt-5.3-codex-spark,player_2,gpt-5-5,gpt-5.5,True,False,False,timeout_health,180.6,180,85,65,85,80,49,9,0.184,28,0,2075.929,0,1439.538,16350.107,15727.833,18,12,12,0,0,6,10,1,True,True,0,0,5,1.735,0.471
player1-gpt-5-3-codex-spark__player2-gpt-5-5,round_02_run_df25d426100c,2,run_df25d426100c,player_1,gpt-5-3-codex-spark,gpt-5.3-codex-spark,gpt-5-5,gpt-5.5,player_1,gpt-5-3-codex-spark,gpt-5.3-codex-spark,True,False,False,player_2_dead,44.6,180,15,0,160,135,21,15,0.714,34,2,759.147,2,621.125,11223.485,9093.786,15,6,2,3,1,9,0,0,False,False,0,0,25,7.619,3.587
player1-gpt-5-3-codex-spark__player2-gpt-5-5,round_02_run_df25d426100c,2,run_df25d426100c,player_2,gpt-5-5,gpt-5.5,gpt-5-3-codex-spark,gpt-5.3-codex-spark,player_1,gpt-5-3-codex-spark,gpt-5.3-codex-spark,False,True,False,player_2_dead,44.6,180,0,15,135,160,20,13,0.65,38,0,627.079,2,621.125,11223.485,12792.737,20,6,1,5,0,14,0,1,False,True,0,0,-25,6.75,3.027
player1-gpt-5-3-codex-spark__player2-gpt-5-5,round_03_run_0397875c03ce,3,run_0397875c03ce,player_1,gpt-5-3-codex-spark,gpt-5.3-codex-spark,gpt-5-5,gpt-5.5,player_2,gpt-5-5,gpt-5.5,False,True,False,player_1_dead,52.4,180,-5,25,125,155,36,12,0.333,24,1,780.708,1,871.4,13765.143,16162.333,15,9,5,3,1,6,0,0,False,False,0,0,-30,3.472,2.385
player1-gpt-5-3-codex-spark__player2-gpt-5-5,round_03_run_0397875c03ce,3,run_0397875c03ce,player_2,gpt-5-5,gpt-5.5,gpt-5-3-codex-spark,gpt-5.3-codex-spark,player_2,gpt-5-5,gpt-5.5,True,False,False,player_1_dead,52.4,180,25,-5,155,125,39,18,0.462,28,0,1042.179,1,871.4,13765.143,10999.154,14,4,0,4,0,10,7,0,True,False,0,0,30,3.974,2.958
player1-gpt-5-3-codex-spark__player2-gpt-5-5,round_04_run_0fbecdeacad8,4,run_0fbecdeacad8,player_1,gpt-5-3-codex-spark,gpt-5.3-codex-spark,gpt-5-5,gpt-5.5,player_2,gpt-5-5,gpt-5.5,False,True,False,player_1_dead,88.4,180,-5,40,110,155,17,13,0.765,12,0,543.583,0,570.448,7717.455,7621.6,5,1,1,0,0,4,0,0,False,False,0,0,-45,6.471,1.244
player1-gpt-5-3-codex-spark__player2-gpt-5-5,round_04_run_0fbecdeacad8,4,run_0fbecdeacad8,player_2,gpt-5-5,gpt-5.5,gpt-5-3-codex-spark,gpt-5.3-codex-spark,player_2,gpt-5-5,gpt-5.5,True,False,False,player_1_dead,88.4,180,40,-5,155,110,19,14,0.737,15,0,666.8,0,570.448,7717.455,7797.333,6,0,0,0,0,6,0,0,False,False,0,0,45,8.158,1.753
player1-gpt-5-3-codex-spark__player2-gpt-5-5,round_05_run_49a07767d48b,5,run_49a07767d48b,player_1,gpt-5-3-codex-spark,gpt-5.3-codex-spark,gpt-5-5,gpt-5.5,player_2,gpt-5-5,gpt-5.5,False,True,False,player_1_dead,73.2,180,0,35,115,150,51,10,0.196,14,0,1680.143,0,1037.345,8534.083,8802.857,7,2,0,2,0,5,0,0,False,False,0,0,-35,2.255,1.571
player1-gpt-5-3-codex-spark__player2-gpt-5-5,round_05_run_49a07767d48b,5,run_49a07767d48b,player_2,gpt-5-5,gpt-5.5,gpt-5-3-codex-spark,gpt-5.3-codex-spark,player_2,gpt-5-5,gpt-5.5,True,False,False,player_1_dead,73.2,180,35,0,150,115,51,12,0.235,12,0,545.5,0,1037.345,8534.083,8157.8,5,0,0,0,0,5,0,0,False,False,0,0,35,2.941,2.049
player1-gpt-5-3-codex-spark__player2-gpt-5-5,round_06_run_b140651ba72b,6,run_b140651ba72b,player_1,gpt-5-3-codex-spark,gpt-5.3-codex-spark,gpt-5-5,gpt-5.5,player_2,gpt-5-5,gpt-5.5,False,True,False,player_1_dead,68.5,180,-10,35,115,160,15,11,0.733,15,0,912.2,1,724.357,7850.167,6664.0,7,1,0,1,0,6,0,0,False,False,0,0,-45,7.667,1.679
player1-gpt-5-3-codex-spark__player2-gpt-5-5,round_06_run_b140651ba72b,6,run_b140651ba72b,player_2,gpt-5-5,gpt-5.5,gpt-5-3-codex-spark,gpt-5.3-codex-spark,player_2,gpt-5-5,gpt-5.5,True,False,False,player_1_dead,68.5,180,35,-10,160,115,14,14,1.0,12,1,549.25,1,724.357,7850.167,9510.8,5,1,0,0,1,4,0,1,False,True,0,0,45,11.429,2.336
player1-gpt-5-3-codex-spark__player2-gpt-5-5,round_07_run_a41e0b8cc1ef,7,run_a41e0b8cc1ef,player_1,gpt-5-3-codex-spark,gpt-5.3-codex-spark,gpt-5-5,gpt-5.5,player_1,gpt-5-3-codex-spark,gpt-5.3-codex-spark,True,False,False,player_2_dead,54.5,180,30,-5,155,120,18,14,0.778,14,1,580.857,1,542.375,7512.0,6636.4,5,0,0,0,0,5,0,0,False,False,0,0,35,8.611,2.844
player1-gpt-5-3-codex-spark__player2-gpt-5-5,round_07_run_a41e0b8cc1ef,7,run_a41e0b8cc1ef,player_2,gpt-5-5,gpt-5.5,gpt-5-3-codex-spark,gpt-5.3-codex-spark,player_1,gpt-5-3-codex-spark,gpt-5.3-codex-spark,False,True,False,player_2_dead,54.5,180,-5,30,120,155,17,10,0.588,8,0,608.875,1,542.375,7512.0,9701.0,3,0,0,0,0,3,0,0,False,False,0,0,-35,7.059,2.202
player1-gpt-5-3-codex-spark__player2-gpt-5-5,round_08_run_64082de6b909,8,run_64082de6b909,player_1,gpt-5-3-codex-spark,gpt-5.3-codex-spark,gpt-5-5,gpt-5.5,player_1,gpt-5-3-codex-spark,gpt-5.3-codex-spark,True,False,False,player_2_dead,59.3,180,95,-5,155,55,14,14,1.0,19,0,1133.632,0,3110.25,3874.333,29.333,5,1,0,1,0,4,0,0,False,False,0,0,100,11.071,2.614
player1-gpt-5-3-codex-spark__player2-gpt-5-5,round_08_run_64082de6b909,8,run_64082de6b909,player_2,gpt-5-5,gpt-5.5,gpt-5-3-codex-spark,gpt-5.3-codex-spark,player_1,gpt-5-3-codex-spark,gpt-5.3-codex-spark,False,True,False,player_2_dead,59.3,180,-5,95,55,155,11,5,0.455,15,0,7683.933,0,3110.25,3874.333,7719.333,6,1,0,1,0,5,0,0,False,False,0,0,-100,5.0,0.927
player1-gpt-5-3-codex-spark__player2-gpt-5-5,round_09_run_6a0eff20a8f3,9,run_6a0eff20a8f3,player_1,gpt-5-3-codex-spark,gpt-5.3-codex-spark,gpt-5-5,gpt-5.5,draw,draw,draw,False,False,True,timeout_draw,180.1,180,150,150,0,0,0,0,,2670,3,54.88,3,86.064,1292.69,1292.69,30,22,0,20,2,7,0,0,False,False,0,0,0,0,0.0
player1-gpt-5-3-codex-spark__player2-gpt-5-5,round_09_run_6a0eff20a8f3,9,run_6a0eff20a8f3,player_2,gpt-5-5,gpt-5.5,gpt-5-3-codex-spark,gpt-5.3-codex-spark,draw,draw,draw,False,False,True,timeout_draw,180.1,180,150,150,0,0,0,0,,9,0,16902.333,3,86.064,1292.69,0.0,3,1,0,1,0,2,0,0,False,False,0,0,0,0,0.0
player1-gpt-5-3-codex-spark__player2-gpt-5-5,round_10_run_b88ab434e0a1,10,run_b88ab434e0a1,player_1,gpt-5-3-codex-spark,gpt-5.3-codex-spark,gpt-5-5,gpt-5.5,player_1,gpt-5-3-codex-spark,gpt-5.3-codex-spark,True,False,False,player_2_dead,66.6,180,105,-10,180,45,26,16,0.615,2,1,7.0,3,457.944,7590.4,0.0,0,0,0,0,0,19,0,0,False,False,0,0,135,6.923,2.703
player1-gpt-5-3-codex-spark__player2-gpt-5-5,round_10_run_b88ab434e0a1,10,run_b88ab434e0a1,player_2,gpt-5-5,gpt-5.5,gpt-5-3-codex-spark,gpt-5.3-codex-spark,player_1,gpt-5-3-codex-spark,gpt-5.3-codex-spark,False,True,False,player_2_dead,66.6,180,-10,105,45,180,24,4,0.167,13,2,632.231,3,457.944,7590.4,7590.4,5,1,0,0,1,4,0,1,False,True,0,0,-135,1.875,0.676
player1-gpt-5-4__player2-gpt-5-4-mini,round_01_run_5c1bc532d984,1,run_5c1bc532d984,player_1,gpt-5-4,gpt-5.4,gpt-5-4-mini,gpt-5.4-mini,draw,draw,draw,False,False,True,timeout_draw,180.3,180,150,150,0,0,0,0,,37,0,756.649,1,693.778,6175.421,5622.706,17,7,7,0,0,10,1,0,True,False,0,0,0,0,0.0
player1-gpt-5-4__player2-gpt-5-4-mini,round_01_run_5c1bc532d984,1,run_5c1bc532d984,player_2,gpt-5-4-mini,gpt-5.4-mini,gpt-5-4,gpt-5.4,draw,draw,draw,False,False,True,timeout_draw,180.3,180,150,150,0,0,0,0,,7,0,459.857,1,693.778,6175.421,10873.5,2,1,1,0,0,1,0,0,False,False,0,0,0,0,0.0
player1-gpt-5-4__player2-gpt-5-4-mini,round_02_run_ef64a57eff19,2,run_ef64a57eff19,player_1,gpt-5-4,gpt-5.4,gpt-5-4-mini,gpt-5.4-mini,player_1,gpt-5-4,gpt-5.4,True,False,False,player_2_dead,68.0,180,150,-5,155,0,10,7,0.7,21,0,5473.905,0,3907.067,12970.636,12170.25,8,1,1,0,0,7,1,0,True,False,0,0,155,15.5,2.279
player1-gpt-5-4__player2-gpt-5-4-mini,round_02_run_ef64a57eff19,2,run_ef64a57eff19,player_2,gpt-5-4-mini,gpt-5.4-mini,gpt-5-4,gpt-5.4,player_1,gpt-5-4,gpt-5.4,False,True,False,player_2_dead,68.0,180,-5,150,0,155,22,0,0.0,9,0,251.111,0,3907.067,12970.636,15105.0,4,2,1,1,0,2,0,1,False,True,0,0,-155,0.0,0.0
player1-gpt-5-4__player2-gpt-5-4-mini,round_03_run_2e388d6b6fc8,3,run_2e388d6b6fc8,player_1,gpt-5-4,gpt-5.4,gpt-5-4-mini,gpt-5.4-mini,player_1,gpt-5-4,gpt-5.4,True,False,False,player_2_dead,106.8,180,110,-5,155,40,11,7,0.636,29,0,3352.069,1,2417.182,13579.438,5420.182,12,1,0,1,0,11,1,0,True,False,0,0,115,14.091,1.451
player1-gpt-5-4__player2-gpt-5-4-mini,round_03_run_2e388d6b6fc8,3,run_2e388d6b6fc8,player_2,gpt-5-4-mini,gpt-5.4-mini,gpt-5-4,gpt-5.4,player_1,gpt-5-4,gpt-5.4,False,True,False,player_2_dead,106.8,180,-5,110,40,155,24,4,0.167,14,0,652.714,1,2417.182,13579.438,31529.8,7,3,0,3,0,4,0,0,False,False,0,0,-115,1.667,0.375
player1-gpt-5-4__player2-gpt-5-4-mini,round_04_run_6f53c1837e7a,4,run_6f53c1837e7a,player_1,gpt-5-4,gpt-5.4,gpt-5-4-mini,gpt-5.4-mini,player_1,gpt-5-4,gpt-5.4,True,False,False,player_2_dead,114.2,180,95,-5,255,55,22,12,0.545,25,0,1571.88,0,1179.714,10217.889,5979.273,11,2,2,0,0,9,1,0,True,False,0,0,200,11.591,2.233
player1-gpt-5-4__player2-gpt-5-4-mini,round_04_run_6f53c1837e7a,4,run_6f53c1837e7a,player_2,gpt-5-4-mini,gpt-5.4-mini,gpt-5-4,gpt-5.4,player_1,gpt-5-4,gpt-5.4,False,True,False,player_2_dead,114.2,180,-5,95,55,255,34,7,0.206,17,0,603.0,0,1179.714,10217.889,16878.571,8,2,1,1,0,6,0,9,False,True,0,0,-200,1.618,0.482
player1-gpt-5-4__player2-gpt-5-4-mini,round_05_run_88bd09ddab91,5,run_88bd09ddab91,player_1,gpt-5-4,gpt-5.4,gpt-5-4-mini,gpt-5.4-mini,player_1,gpt-5-4,gpt-5.4,True,False,False,player_2_dead,154.2,180,100,-5,155,60,6,4,0.667,30,0,1080.7,0,876.571,11844.773,5949.385,14,1,0,1,0,13,1,1,True,True,0,0,95,25.833,1.005
player1-gpt-5-4__player2-gpt-5-4-mini,round_05_run_88bd09ddab91,5,run_88bd09ddab91,player_2,gpt-5-4-mini,gpt-5.4-mini,gpt-5-4,gpt-5.4,player_1,gpt-5-4,gpt-5.4,False,True,False,player_2_dead,154.2,180,-5,100,60,155,9,6,0.667,19,0,554.263,0,876.571,11844.773,20360.333,10,5,2,3,0,5,0,0,False,False,0,0,-95,6.667,0.389
player1-gpt-5-4__player2-gpt-5-4-mini,round_06_run_e5cf7bc913f2,6,run_e5cf7bc913f2,player_1,gpt-5-4,gpt-5.4,gpt-5-4-mini,gpt-5.4-mini,player_1,gpt-5-4,gpt-5.4,True,False,False,player_2_dead,146.4,180,120,0,205,30,8,8,1.0,32,0,1787.781,0,1168.305,7668.462,5230.143,15,2,1,1,0,13,1,0,True,False,0,0,175,25.625,1.4
player1-gpt-5-4__player2-gpt-5-4-mini,round_06_run_e5cf7bc913f2,6,run_e5cf7bc913f2,player_2,gpt-5-4-mini,gpt-5.4-mini,gpt-5-4,gpt-5.4,player_1,gpt-5-4,gpt-5.4,False,True,False,player_2_dead,146.4,180,0,120,30,205,9,3,0.333,27,0,434.111,0,1168.305,7668.462,10513.167,13,2,0,1,1,11,0,1,False,True,0,0,-175,3.333,0.205
player1-gpt-5-4__player2-gpt-5-4-mini,round_07_run_bc9959e0e4c4,7,run_bc9959e0e4c4,player_1,gpt-5-4,gpt-5.4,gpt-5-4-mini,gpt-5.4-mini,player_1,gpt-5-4,gpt-5.4,True,False,False,player_2_dead,80.2,180,125,0,150,25,5,5,1.0,19,0,1728.526,0,1271.032,9574.727,5204.143,7,0,0,0,0,7,1,0,True,False,0,0,125,30.0,1.87
player1-gpt-5-4__player2-gpt-5-4-mini,round_07_run_bc9959e0e4c4,7,run_bc9959e0e4c4,player_2,gpt-5-4-mini,gpt-5.4-mini,gpt-5-4,gpt-5.4,player_1,gpt-5-4,gpt-5.4,False,True,False,player_2_dead,80.2,180,0,125,25,150,10,2,0.2,12,0,546.667,0,1271.032,9574.727,17223.25,5,1,0,1,0,4,0,0,False,False,0,0,-125,2.5,0.312
player1-gpt-5-4__player2-gpt-5-4-mini,round_08_run_c1a2d706745a,8,run_c1a2d706745a,player_1,gpt-5-4,gpt-5.4,gpt-5-4-mini,gpt-5.4-mini,player_1,gpt-5-4,gpt-5.4,True,False,False,player_2_dead,137.3,180,65,0,205,85,4,4,1.0,24,0,933.75,0,605.604,7394.348,6615.3,11,1,0,1,0,10,1,0,True,False,0,0,120,51.25,1.493
player1-gpt-5-4__player2-gpt-5-4-mini,round_08_run_c1a2d706745a,8,run_c1a2d706745a,player_2,gpt-5-4-mini,gpt-5.4-mini,gpt-5-4,gpt-5.4,player_1,gpt-5-4,gpt-5.4,False,True,False,player_2_dead,137.3,180,0,65,85,205,8,7,0.875,29,0,334.034,0,605.604,7394.348,7993.615,14,1,0,1,0,13,0,1,False,True,0,0,-120,10.625,0.619
player1-gpt-5-4__player2-gpt-5-4-mini,round_09_run_4dbd749799f1,9,run_4dbd749799f1,player_1,gpt-5-4,gpt-5.4,gpt-5-4-mini,gpt-5.4-mini,player_1,gpt-5-4,gpt-5.4,True,False,False,player_2_dead,165.5,180,85,0,150,65,4,4,1.0,28,0,699.179,0,674.39,8479.235,5966.417,12,0,0,0,0,12,1,0,True,False,0,0,85,37.5,0.906
player1-gpt-5-4__player2-gpt-5-4-mini,round_09_run_4dbd749799f1,9,run_4dbd749799f1,player_2,gpt-5-4-mini,gpt-5.4-mini,gpt-5-4,gpt-5.4,player_1,gpt-5-4,gpt-5.4,False,True,False,player_2_dead,165.5,180,0,85,65,150,8,5,0.625,13,0,621.0,0,674.39,8479.235,14510.0,5,2,2,0,0,3,0,0,False,False,0,0,-85,8.125,0.393
player1-gpt-5-4__player2-gpt-5-4-mini,round_10_run_2bcdfe3d6720,10,run_2bcdfe3d6720,player_1,gpt-5-4,gpt-5.4,gpt-5-4-mini,gpt-5.4-mini,draw,draw,draw,False,False,True,timeout_draw,180.7,180,150,150,0,0,0,0,,36,1,2926.667,4,1961.047,12208.444,11709.727,12,4,3,1,0,8,7,0,True,False,0,0,0,0,0.0
player1-gpt-5-4__player2-gpt-5-4-mini,round_10_run_2bcdfe3d6720,10,run_2bcdfe3d6720,player_2,gpt-5-4-mini,gpt-5.4-mini,gpt-5-4,gpt-5.4,draw,draw,draw,False,False,True,timeout_draw,180.7,180,150,150,0,0,0,0,,25,0,805.24,4,1961.047,12208.444,12992.143,10,3,2,1,0,7,0,0,False,False,0,0,0,0,0.0
player1-gpt-5-4-mini__player2-gpt-5-4,round_01_run_bf0e0c76ce17,1,run_bf0e0c76ce17,player_1,gpt-5-4-mini,gpt-5.4-mini,gpt-5-4,gpt-5.4,player_2,gpt-5-4,gpt-5.4,False,True,False,timeout_health,180.0,180,95,125,25,55,35,2,0.057,8,0,407.125,1,544.932,15603.308,56977.0,3,1,1,0,0,2,0,0,False,False,0,0,-30,0.714,0.139
player1-gpt-5-4-mini__player2-gpt-5-4,round_01_run_bf0e0c76ce17,1,run_bf0e0c76ce17,player_2,gpt-5-4,gpt-5.4,gpt-5-4-mini,gpt-5.4-mini,player_2,gpt-5-4,gpt-5.4,True,False,False,timeout_health,180.0,180,125,95,55,25,33,7,0.212,36,1,575.556,1,544.932,15603.308,10206.739,23,14,12,1,1,9,38,9,True,True,0,0,30,1.667,0.306
player1-gpt-5-4-mini__player2-gpt-5-4,round_02_run_261cb359a360,2,run_261cb359a360,player_1,gpt-5-4-mini,gpt-5.4-mini,gpt-5-4,gpt-5.4,player_2,gpt-5-4,gpt-5.4,False,True,False,player_1_dead,76.6,180,0,35,120,150,27,12,0.444,12,0,506.25,2,1096.0,10676.333,17995.0,5,0,0,0,0,5,0,0,False,False,0,0,-30,4.444,1.567
player1-gpt-5-4-mini__player2-gpt-5-4,round_02_run_261cb359a360,2,run_261cb359a360,player_2,gpt-5-4,gpt-5.4,gpt-5-4-mini,gpt-5.4-mini,player_2,gpt-5-4,gpt-5.4,True,False,False,player_1_dead,76.6,180,35,0,150,120,24,14,0.583,18,0,1610.389,2,1096.0,10676.333,7017.0,8,1,1,0,0,7,0,1,False,True,0,0,30,6.25,1.958
player1-gpt-5-4-mini__player2-gpt-5-4,round_03_run_c79556ceb9d3,3,run_c79556ceb9d3,player_1,gpt-5-4-mini,gpt-5.4-mini,gpt-5-4,gpt-5.4,player_2,gpt-5-4,gpt-5.4,False,True,False,player_1_dead,72.8,180,-10,125,25,160,45,2,0.044,11,0,450.727,0,2174.138,11695.455,19427.75,5,1,0,1,0,4,0,9,False,True,0,0,-135,0.556,0.343
player1-gpt-5-4-mini__player2-gpt-5-4,round_03_run_c79556ceb9d3,3,run_c79556ceb9d3,player_2,gpt-5-4,gpt-5.4,gpt-5-4-mini,gpt-5.4-mini,player_2,gpt-5-4,gpt-5.4,True,False,False,player_1_dead,72.8,180,125,-10,160,25,46,15,0.326,18,0,3227.333,0,2174.138,11695.455,7277.0,7,0,0,0,0,7,0,0,False,False,0,0,135,3.478,2.198
player1-gpt-5-4-mini__player2-gpt-5-4,round_04_run_5a4fd5e089a9,4,run_5a4fd5e089a9,player_1,gpt-5-4-mini,gpt-5.4-mini,gpt-5-4,gpt-5.4,player_2,gpt-5-4,gpt-5.4,False,True,False,player_1_dead,79.9,180,-10,60,90,160,39,9,0.231,13,2,611.846,5,976.2,9213.692,15014.8,5,1,0,0,1,4,0,1,False,False,0,0,-70,2.308,1.126
player1-gpt-5-4-mini__player2-gpt-5-4,round_04_run_5a4fd5e089a9,4,run_5a4fd5e089a9,player_2,gpt-5-4,gpt-5.4,gpt-5-4-mini,gpt-5.4-mini,player_2,gpt-5-4,gpt-5.4,True,False,False,player_1_dead,79.9,180,60,-10,160,90,39,14,0.359,19,0,1378.895,5,976.2,9213.692,5588.0,8,0,0,0,0,8,0,11,False,True,0,0,70,4.103,2.003
player1-gpt-5-4-mini__player2-gpt-5-4,round_05_run_a334c6d98981,5,run_a334c6d98981,player_1,gpt-5-4-mini,gpt-5.4-mini,gpt-5-4,gpt-5.4,player_2,gpt-5-4,gpt-5.4,False,True,False,player_1_dead,89.7,180,0,50,100,160,32,9,0.281,15,1,672.067,1,3589.897,12728.867,23478.5,6,1,0,0,1,5,0,1,False,True,0,0,-60,3.125,1.115
player1-gpt-5-4-mini__player2-gpt-5-4,round_05_run_a334c6d98981,5,run_a334c6d98981,player_2,gpt-5-4,gpt-5.4,gpt-5-4-mini,gpt-5.4-mini,player_2,gpt-5-4,gpt-5.4,True,False,False,player_1_dead,89.7,180,50,0,160,100,32,15,0.469,24,0,5413.542,1,3589.897,12728.867,5562.444,9,0,0,0,0,9,0,5,False,False,0,0,60,5.0,1.784
player1-gpt-5-4-mini__player2-gpt-5-4,round_06_run_1e1818bfcde7,6,run_1e1818bfcde7,player_1,gpt-5-4-mini,gpt-5.4-mini,gpt-5-4,gpt-5.4,player_1,gpt-5-4-mini,gpt-5.4-mini,True,False,False,player_2_dead,73.4,180,140,0,150,10,17,6,0.353,13,0,617.462,0,710.833,9537.5,13489.8,5,0,0,0,0,5,1,0,True,False,0,0,140,8.824,2.044
player1-gpt-5-4-mini__player2-gpt-5-4,round_06_run_1e1818bfcde7,6,run_1e1818bfcde7,player_2,gpt-5-4,gpt-5.4,gpt-5-4-mini,gpt-5.4-mini,player_1,gpt-5-4-mini,gpt-5.4-mini,False,True,False,player_2_dead,73.4,180,0,140,10,150,19,1,0.053,17,0,782.235,0,710.833,9537.5,6714.429,7,1,1,0,0,6,0,11,False,True,0,0,-140,0.526,0.136
player1-gpt-5-4-mini__player2-gpt-5-4,round_07_run_387843e138e6,7,run_387843e138e6,player_1,gpt-5-4-mini,gpt-5.4-mini,gpt-5-4,gpt-5.4,player_1,gpt-5-4-mini,gpt-5.4-mini,True,False,False,player_2_dead,115.4,180,135,-5,155,15,4,4,1.0,20,1,1326.05,1,936.727,8773.895,10110.222,9,1,0,0,1,8,1,1,False,False,0,0,140,38.75,1.343
player1-gpt-5-4-mini__player2-gpt-5-4,round_07_run_387843e138e6,7,run_387843e138e6,player_2,gpt-5-4,gpt-5.4,gpt-5-4-mini,gpt-5.4-mini,player_1,gpt-5-4-mini,gpt-5.4-mini,False,True,False,player_2_dead,115.4,180,-5,135,15,155,7,2,0.286,24,0,612.292,1,936.727,8773.895,7571.2,11,1,0,1,0,10,38,25,True,True,0,0,-140,2.143,0.13
player1-gpt-5-4-mini__player2-gpt-5-4,round_08_run_a1704049c04f,8,run_a1704049c04f,player_1,gpt-5-4-mini,gpt-5.4-mini,gpt-5-4,gpt-5.4,player_2,gpt-5-4,gpt-5.4,False,True,False,player_1_dead,51.6,180,0,25,125,150,16,15,0.938,11,0,1313.818,0,942.167,8361.111,11027.0,4,0,0,0,0,4,0,0,False,False,0,0,-25,7.812,2.422
player1-gpt-5-4-mini__player2-gpt-5-4,round_08_run_a1704049c04f,8,run_a1704049c04f,player_2,gpt-5-4,gpt-5.4,gpt-5-4-mini,gpt-5.4-mini,player_2,gpt-5-4,gpt-5.4,True,False,False,player_1_dead,51.6,180,25,0,150,125,16,16,1.0,13,0,627.692,0,942.167,8361.111,6228.4,5,0,0,0,0,5,9,0,True,False,0,0,25,9.375,2.907
player1-gpt-5-4-mini__player2-gpt-5-4,round_09_run_2c9f99328f98,9,run_2c9f99328f98,player_1,gpt-5-4-mini,gpt-5.4-mini,gpt-5-4,gpt-5.4,player_2,gpt-5-4,gpt-5.4,False,True,False,player_1_dead,56.8,180,-5,150,0,155,16,0,0.0,9,0,577.556,0,913.739,9403.0,13121.0,4,0,0,0,0,4,0,0,False,False,0,0,-155,0.0,0.0
player1-gpt-5-4-mini__player2-gpt-5-4,round_09_run_2c9f99328f98,9,run_2c9f99328f98,player_2,gpt-5-4,gpt-5.4,gpt-5-4-mini,gpt-5.4-mini,player_2,gpt-5-4,gpt-5.4,True,False,False,player_1_dead,56.8,180,150,-5,155,0,16,16,1.0,14,0,1129.857,0,913.739,9403.0,7172.2,6,1,0,1,0,5,0,0,False,False,0,0,155,9.688,2.729
player1-gpt-5-4-mini__player2-gpt-5-4,round_10_run_29249490f6d8,10,run_29249490f6d8,player_1,gpt-5-4-mini,gpt-5.4-mini,gpt-5-4,gpt-5.4,player_1,gpt-5-4-mini,gpt-5.4-mini,True,False,False,player_2_dead,77.2,180,105,0,150,45,25,7,0.28,17,2,562.0,4,527.541,8699.929,11044.0,7,2,1,0,1,5,1,0,True,False,0,0,105,6.0,1.943
player1-gpt-5-4-mini__player2-gpt-5-4,round_10_run_29249490f6d8,10,run_29249490f6d8,player_2,gpt-5-4,gpt-5.4,gpt-5-4-mini,gpt-5.4-mini,player_1,gpt-5-4-mini,gpt-5.4-mini,False,True,False,player_2_dead,77.2,180,0,105,45,150,29,4,0.138,19,1,524.211,4,527.541,8699.929,6355.857,8,1,0,1,0,7,0,50,False,True,0,0,-105,1.552,0.583
player1-gpt-5-4__player2-gpt-5-3-codex-spark,round_01_run_1cdf756176ce,1,run_1cdf756176ce,player_1,gpt-5-4,gpt-5.4,gpt-5-3-codex-spark,gpt-5.3-codex-spark,player_2,gpt-5-3-codex-spark,gpt-5.3-codex-spark,False,True,False,player_1_dead,121.0,180,0,45,105,150,28,10,0.357,32,0,527.969,2,875.294,5349.63,9024.647,17,8,8,0,0,9,0,0,False,False,0,0,-45,3.75,0.868
player1-gpt-5-4__player2-gpt-5-3-codex-spark,round_01_run_1cdf756176ce,1,run_1cdf756176ce,player_2,gpt-5-3-codex-spark,gpt-5.3-codex-spark,gpt-5-4,gpt-5.4,player_2,gpt-5-3-codex-spark,gpt-5.3-codex-spark,True,False,False,player_1_dead,121.0,180,45,0,150,105,30,15,0.5,51,0,1127.392,2,875.294,5349.63,3195.31,29,10,8,0,2,19,0,0,False,False,0,0,45,5.0,1.24
player1-gpt-5-4__player2-gpt-5-3-codex-spark,round_02_run_98849a2b9bb8,2,run_98849a2b9bb8,player_1,gpt-5-4,gpt-5.4,gpt-5-3-codex-spark,gpt-5.3-codex-spark,player_1,gpt-5-4,gpt-5.4,True,False,False,player_2_dead,55.5,180,25,0,150,125,44,16,0.364,16,0,671.0,3,799.725,3382.118,4008.5,6,0,0,0,0,6,0,0,False,False,0,0,25,3.409,2.703
player1-gpt-5-4__player2-gpt-5-3-codex-spark,round_02_run_98849a2b9bb8,2,run_98849a2b9bb8,player_2,gpt-5-3-codex-spark,gpt-5.3-codex-spark,gpt-5-4,gpt-5.4,player_1,gpt-5-4,gpt-5.4,False,True,False,player_2_dead,55.5,180,0,25,125,150,45,16,0.356,22,1,965.682,3,799.725,3382.118,3040.455,11,4,0,0,4,7,0,0,False,False,0,0,-25,2.778,2.252
player1-gpt-5-4__player2-gpt-5-3-codex-spark,round_03_run_67a46e0b797c,3,run_67a46e0b797c,player_1,gpt-5-4,gpt-5.4,gpt-5-3-codex-spark,gpt-5.3-codex-spark,player_1,gpt-5-4,gpt-5.4,True,False,False,player_2_dead,30.0,180,15,-5,155,135,21,14,0.667,11,0,579.091,2,595.179,3707.7,5318.75,4,0,0,0,0,4,0,0,False,False,0,0,20,7.381,5.167
player1-gpt-5-4__player2-gpt-5-3-codex-spark,round_03_run_67a46e0b797c,3,run_67a46e0b797c,player_2,gpt-5-3-codex-spark,gpt-5.3-codex-spark,gpt-5-4,gpt-5.4,player_1,gpt-5-4,gpt-5.4,False,True,False,player_2_dead,30.0,180,-5,15,135,155,22,12,0.545,16,1,643.125,2,595.179,3707.7,2633.667,6,1,1,0,0,5,0,0,False,False,0,0,-20,6.136,4.5
player1-gpt-5-4__player2-gpt-5-3-codex-spark,round_04_run_9505c347031a,4,run_9505c347031a,player_1,gpt-5-4,gpt-5.4,gpt-5-3-codex-spark,gpt-5.3-codex-spark,player_2,gpt-5-3-codex-spark,gpt-5.3-codex-spark,False,True,False,player_1_dead,31.3,180,-5,40,110,155,21,9,0.429,10,1,593.8,1,544.407,3775.7,5901.5,4,1,0,0,1,3,0,0,False,False,0,0,-45,5.238,3.514
player1-gpt-5-4__player2-gpt-5-3-codex-spark,round_04_run_9505c347031a,4,run_9505c347031a,player_2,gpt-5-3-codex-spark,gpt-5.3-codex-spark,gpt-5-4,gpt-5.4,player_2,gpt-5-3-codex-spark,gpt-5.3-codex-spark,True,False,False,player_1_dead,31.3,180,40,-5,155,110,21,15,0.714,17,0,515.353,1,544.407,3775.7,2358.5,7,1,0,1,0,6,0,0,False,False,0,0,45,7.381,4.952
player1-gpt-5-4__player2-gpt-5-3-codex-spark,round_05_run_0c1a6247bd34,5,run_0c1a6247bd34,player_1,gpt-5-4,gpt-5.4,gpt-5-3-codex-spark,gpt-5.3-codex-spark,player_1,gpt-5-4,gpt-5.4,True,False,False,player_2_dead,96.9,180,105,-5,155,145,68,14,0.206,22,0,527.045,3,356.803,4433.765,7357.9,10,1,1,0,0,9,12,16,True,False,0,0,10,2.279,1.6
player1-gpt-5-4__player2-gpt-5-3-codex-spark,round_05_run_0c1a6247bd34,5,run_0c1a6247bd34,player_2,gpt-5-3-codex-spark,gpt-5.3-codex-spark,gpt-5-4,gpt-5.4,player_1,gpt-5-4,gpt-5.4,False,True,False,player_2_dead,96.9,180,-5,105,145,155,70,15,0.214,42,2,284.476,3,356.803,4433.765,3215.375,24,8,5,1,2,16,0,7,False,True,0,0,-10,2.071,1.496
player1-gpt-5-4__player2-gpt-5-3-codex-spark,round_06_run_33610a41cf74,6,run_33610a41cf74,player_1,gpt-5-4,gpt-5.4,gpt-5-3-codex-spark,gpt-5.3-codex-spark,draw,draw,draw,False,False,True,timeout_draw,180.2,180,150,150,0,0,1,0,0.0,24,0,812.458,0,407.209,4168.238,7577.364,11,2,2,0,0,9,11,8,False,True,0,0,0,0.0,0.0
player1-gpt-5-4__player2-gpt-5-3-codex-spark,round_06_run_33610a41cf74,6,run_33610a41cf74,player_2,gpt-5-3-codex-spark,gpt-5.3-codex-spark,gpt-5-4,gpt-5.4,draw,draw,draw,False,False,True,timeout_draw,180.2,180,150,150,0,0,1,0,0.0,60,0,258.55,0,407.209,4168.238,2958.548,31,8,5,2,1,23,1,0,True,False,0,0,0,0.0,0.0
player1-gpt-5-4__player2-gpt-5-3-codex-spark,round_07_run_78704d4734fb,7,run_78704d4734fb,player_1,gpt-5-4,gpt-5.4,gpt-5-3-codex-spark,gpt-5.3-codex-spark,player_1,gpt-5-4,gpt-5.4,True,False,False,player_2_dead,49.9,180,35,-10,160,115,73,14,0.192,17,0,6683.647,0,3019.474,8158.75,6748.4,5,0,0,0,0,5,0,0,False,False,0,0,45,2.192,3.206
player1-gpt-5-4__player2-gpt-5-3-codex-spark,round_07_run_78704d4734fb,7,run_78704d4734fb,player_2,gpt-5-3-codex-spark,gpt-5.3-codex-spark,gpt-5-4,gpt-5.4,player_1,gpt-5-4,gpt-5.4,False,True,False,player_2_dead,49.9,180,-10,35,115,160,75,10,0.133,21,0,53.238,0,3019.474,8158.75,9166.143,8,2,1,1,0,6,0,0,False,False,0,0,-45,1.533,2.305
player1-gpt-5-4__player2-gpt-5-3-codex-spark,round_08_run_8d9414f03b4e,8,run_8d9414f03b4e,player_1,gpt-5-4,gpt-5.4,gpt-5-3-codex-spark,gpt-5.3-codex-spark,player_2,gpt-5-3-codex-spark,gpt-5.3-codex-spark,False,True,False,player_1_dead,35.3,180,-10,70,80,160,38,7,0.184,12,0,440.25,1,476.742,3901.5,5460.25,5,1,0,1,0,4,0,0,False,False,0,0,-80,2.105,2.266
player1-gpt-5-4__player2-gpt-5-3-codex-spark,round_08_run_8d9414f03b4e,8,run_8d9414f03b4e,player_2,gpt-5-3-codex-spark,gpt-5.3-codex-spark,gpt-5-4,gpt-5.4,player_2,gpt-5-3-codex-spark,gpt-5.3-codex-spark,True,False,False,player_1_dead,35.3,180,70,-10,160,80,37,14,0.378,16,0,592.938,1,476.742,3901.5,3122.125,8,2,0,0,2,6,0,0,False,False,0,0,80,4.324,4.533
player1-gpt-5-4__player2-gpt-5-3-codex-spark,round_09_run_7f80c378a59e,9,run_7f80c378a59e,player_1,gpt-5-4,gpt-5.4,gpt-5-3-codex-spark,gpt-5.3-codex-spark,player_2,gpt-5-3-codex-spark,gpt-5.3-codex-spark,False,True,False,player_1_dead,40.3,180,0,65,85,150,45,9,0.2,11,0,594.455,0,691.933,3747.923,5328.5,4,0,0,0,0,4,0,0,False,False,0,0,-65,1.889,2.109
player1-gpt-5-4__player2-gpt-5-3-codex-spark,round_09_run_7f80c378a59e,9,run_7f80c378a59e,player_2,gpt-5-3-codex-spark,gpt-5.3-codex-spark,gpt-5-4,gpt-5.4,player_2,gpt-5-3-codex-spark,gpt-5.3-codex-spark,True,False,False,player_1_dead,40.3,180,65,0,150,85,45,14,0.311,19,0,748.368,0,691.933,3747.923,3045.444,9,2,2,0,0,7,0,0,False,False,0,0,65,3.333,3.722
player1-gpt-5-4__player2-gpt-5-3-codex-spark,round_10_run_f49f54671bdb,10,run_f49f54671bdb,player_1,gpt-5-4,gpt-5.4,gpt-5-3-codex-spark,gpt-5.3-codex-spark,player_2,gpt-5-3-codex-spark,gpt-5.3-codex-spark,False,True,False,player_1_dead,29.0,180,0,30,120,150,22,9,0.409,13,2,566.923,9,393.111,3716.455,6868.5,4,1,0,0,1,3,0,0,False,False,0,0,-30,5.455,4.138
player1-gpt-5-4__player2-gpt-5-3-codex-spark,round_10_run_f49f54671bdb,10,run_f49f54671bdb,player_2,gpt-5-3-codex-spark,gpt-5.3-codex-spark,gpt-5-4,gpt-5.4,player_2,gpt-5-3-codex-spark,gpt-5.3-codex-spark,True,False,False,player_1_dead,29.0,180,30,0,150,120,23,15,0.652,20,4,338.6,9,393.111,3716.455,1915.286,7,1,0,0,1,6,0,0,False,False,0,0,30,6.522,5.172
player1-gpt-5-3-codex-spark__player2-gpt-5-4,round_01_run_1a6b41e262a3,1,run_1a6b41e262a3,player_1,gpt-5-3-codex-spark,gpt-5.3-codex-spark,gpt-5-4,gpt-5.4,draw,draw,draw,False,False,True,timeout_draw,180.4,180,150,150,0,0,0,0,,36,1,597.667,4,580.104,7883.75,6696.8,20,7,6,0,1,13,0,11,False,True,0,0,0,0,0.0
player1-gpt-5-3-codex-spark__player2-gpt-5-4,round_01_run_1a6b41e262a3,1,run_1a6b41e262a3,player_2,gpt-5-4,gpt-5.4,gpt-5-3-codex-spark,gpt-5.3-codex-spark,draw,draw,draw,False,False,True,timeout_draw,180.4,180,150,150,0,0,0,0,,28,0,619.214,4,580.104,7883.75,9862.0,12,8,8,0,0,4,0,0,False,False,0,0,0,0,0.0
player1-gpt-5-3-codex-spark__player2-gpt-5-4,round_02_run_4f25b5e6e52a,2,run_4f25b5e6e52a,player_1,gpt-5-3-codex-spark,gpt-5.3-codex-spark,gpt-5-4,gpt-5.4,player_1,gpt-5-3-codex-spark,gpt-5.3-codex-spark,True,False,False,timeout_health,180.9,180,150,140,20,35,4,2,0.5,33,0,649.121,1,646.259,8544.92,7459.438,16,2,2,0,0,14,0,1,False,False,0,0,-15,5.0,0.111
player1-gpt-5-3-codex-spark__player2-gpt-5-4,round_02_run_4f25b5e6e52a,2,run_4f25b5e6e52a,player_2,gpt-5-4,gpt-5.4,gpt-5-3-codex-spark,gpt-5.3-codex-spark,player_1,gpt-5-3-codex-spark,gpt-5.3-codex-spark,False,True,False,timeout_health,180.9,180,140,150,35,20,3,3,1.0,20,0,673.4,1,646.259,8544.92,10474.667,9,5,5,0,0,4,0,1,False,True,0,0,15,11.667,0.193
player1-gpt-5-3-codex-spark__player2-gpt-5-4,round_03_run_42e7d08d45fc,3,run_42e7d08d45fc,player_1,gpt-5-3-codex-spark,gpt-5.3-codex-spark,gpt-5-4,gpt-5.4,draw,draw,draw,False,False,True,timeout_draw,180.8,180,150,150,0,0,1,0,0.0,30,0,719.567,0,708.5,7776.478,5695.769,13,0,0,0,0,13,0,8,False,True,0,0,0,0.0,0.0
player1-gpt-5-3-codex-spark__player2-gpt-5-4,round_03_run_42e7d08d45fc,3,run_42e7d08d45fc,player_2,gpt-5-4,gpt-5.4,gpt-5-3-codex-spark,gpt-5.3-codex-spark,draw,draw,draw,False,False,True,timeout_draw,180.8,180,150,150,0,0,0,0,,22,0,693.409,0,708.5,7776.478,10481.4,10,4,4,0,0,6,1,0,True,False,0,0,0,0,0.0
player1-gpt-5-3-codex-spark__player2-gpt-5-4,round_04_run_29c492c53618,4,run_29c492c53618,player_1,gpt-5-3-codex-spark,gpt-5.3-codex-spark,gpt-5-4,gpt-5.4,draw,draw,draw,False,False,True,timeout_draw,180.4,180,150,150,0,5,2,0,0.0,33,1,769.97,3,735.311,7782.259,6087.938,16,2,1,0,1,14,0,66,False,True,0,0,-5,0.0,0.0
player1-gpt-5-3-codex-spark__player2-gpt-5-4,round_04_run_29c492c53618,4,run_29c492c53618,player_2,gpt-5-4,gpt-5.4,gpt-5-3-codex-spark,gpt-5.3-codex-spark,draw,draw,draw,False,False,True,timeout_draw,180.4,180,150,150,5,0,1,1,1.0,25,0,777.36,3,735.311,7782.259,10246.727,11,1,1,0,0,10,1,0,True,False,0,0,5,5.0,0.028
player1-gpt-5-3-codex-spark__player2-gpt-5-4,round_05_run_420de4b82c5d,5,run_420de4b82c5d,player_1,gpt-5-3-codex-spark,gpt-5.3-codex-spark,gpt-5-4,gpt-5.4,draw,draw,draw,False,False,True,timeout_draw,180.5,180,150,150,0,85,9,0,0.0,29,0,773.345,0,759.491,9081.75,7520.0,14,2,1,0,1,12,0,13,False,True,0,0,-85,0.0,0.0
player1-gpt-5-3-codex-spark__player2-gpt-5-4,round_05_run_420de4b82c5d,5,run_420de4b82c5d,player_2,gpt-5-4,gpt-5.4,gpt-5-3-codex-spark,gpt-5.3-codex-spark,draw,draw,draw,False,False,True,timeout_draw,180.5,180,150,150,85,0,8,7,0.875,23,0,774.957,0,759.491,9081.75,11268.2,10,0,0,0,0,10,1,0,True,False,0,0,85,10.625,0.471
player1-gpt-5-3-codex-spark__player2-gpt-5-4,round_06_run_31d73c28f8c3,6,run_31d73c28f8c3,player_1,gpt-5-3-codex-spark,gpt-5.3-codex-spark,gpt-5-4,gpt-5.4,draw,draw,draw,False,False,True,timeout_draw,180.2,180,150,150,0,0,0,0,,27,0,793.593,0,794.135,7570.0,7448.0,12,0,0,0,0,12,0,0,False,False,0,0,0,0,0.0
player1-gpt-5-3-codex-spark__player2-gpt-5-4,round_06_run_31d73c28f8c3,6,run_31d73c28f8c3,player_2,gpt-5-4,gpt-5.4,gpt-5-3-codex-spark,gpt-5.3-codex-spark,draw,draw,draw,False,False,True,timeout_draw,180.2,180,150,150,0,0,0,0,,25,0,794.72,0,794.135,7570.0,7703.091,11,0,0,0,0,11,1,0,True,False,0,0,0,0,0.0
player1-gpt-5-3-codex-spark__player2-gpt-5-4,round_07_run_41f566479752,7,run_41f566479752,player_1,gpt-5-3-codex-spark,gpt-5.3-codex-spark,gpt-5-4,gpt-5.4,draw,draw,draw,False,False,True,timeout_draw,180.5,180,150,150,0,0,0,0,,38,0,438.316,0,535.083,7188.387,6818.571,21,7,4,1,2,14,10,0,True,False,0,0,0,0,0.0
player1-gpt-5-3-codex-spark__player2-gpt-5-4,round_07_run_41f566479752,7,run_41f566479752,player_2,gpt-5-4,gpt-5.4,gpt-5-3-codex-spark,gpt-5.3-codex-spark,draw,draw,draw,False,False,True,timeout_draw,180.5,180,150,150,0,0,0,0,,22,0,702.227,0,535.083,7188.387,7965.0,10,0,0,0,0,10,1,0,False,False,0,0,0,0,0.0
player1-gpt-5-3-codex-spark__player2-gpt-5-4,round_08_run_bf7e82934874,8,run_bf7e82934874,player_1,gpt-5-3-codex-spark,gpt-5.3-codex-spark,gpt-5-4,gpt-5.4,player_1,gpt-5-3-codex-spark,gpt-5.3-codex-spark,True,False,False,timeout_health,180.4,180,150,135,15,35,1,1,1.0,35,1,642.314,2,760.254,7464.192,6322.0,16,2,1,1,0,14,0,1,False,True,0,0,-20,15.0,0.083
player1-gpt-5-3-codex-spark__player2-gpt-5-4,round_08_run_bf7e82934874,8,run_bf7e82934874,player_2,gpt-5-4,gpt-5.4,gpt-5-3-codex-spark,gpt-5.3-codex-spark,player_1,gpt-5-3-codex-spark,gpt-5.3-codex-spark,False,True,False,timeout_health,180.4,180,135,150,35,15,1,1,1.0,23,0,972.565,2,760.254,7464.192,9291.7,10,0,0,0,0,10,1,0,True,False,0,0,20,35.0,0.194
player1-gpt-5-3-codex-spark__player2-gpt-5-4,round_09_run_cefd403d53ba,9,run_cefd403d53ba,player_1,gpt-5-3-codex-spark,gpt-5.3-codex-spark,gpt-5-4,gpt-5.4,player_1,gpt-5-3-codex-spark,gpt-5.3-codex-spark,True,False,False,timeout_health,180.5,180,150,140,20,35,4,2,0.5,33,0,603.818,0,638.415,7381.625,5840.867,15,2,2,0,0,13,0,1,False,False,0,0,-15,5.0,0.111
player1-gpt-5-3-codex-spark__player2-gpt-5-4,round_09_run_cefd403d53ba,9,run_cefd403d53ba,player_2,gpt-5-4,gpt-5.4,gpt-5-3-codex-spark,gpt-5.3-codex-spark,player_1,gpt-5-3-codex-spark,gpt-5.3-codex-spark,False,True,False,timeout_health,180.5,180,140,150,35,20,3,3,1.0,20,0,695.5,0,638.415,7381.625,9949.556,9,0,0,0,0,9,1,1,True,True,0,0,15,11.667,0.194
player1-gpt-5-3-codex-spark__player2-gpt-5-4,round_10_run_c962799bd66a,10,run_c962799bd66a,player_1,gpt-5-3-codex-spark,gpt-5.3-codex-spark,gpt-5-4,gpt-5.4,draw,draw,draw,False,False,True,timeout_draw,180.3,180,150,150,0,0,2,0,0.0,34,2,622.206,6,767.182,8534.621,8479.235,17,7,7,0,0,10,0,0,False,False,0,0,0,0.0,0.0
player1-gpt-5-3-codex-spark__player2-gpt-5-4,round_10_run_c962799bd66a,10,run_c962799bd66a,player_2,gpt-5-4,gpt-5.4,gpt-5-3-codex-spark,gpt-5.3-codex-spark,draw,draw,draw,False,False,True,timeout_draw,180.3,180,150,150,0,0,0,0,,28,1,1052.393,6,767.182,8534.621,8613.083,12,0,0,0,0,12,1,0,True,False,0,0,0,0,0.0
player1-gpt-5-4-mini__player2-gpt-5-3-codex-spark,round_01_run_c7124cffa3da,1,run_c7124cffa3da,player_1,gpt-5-4-mini,gpt-5.4-mini,gpt-5-3-codex-spark,gpt-5.3-codex-spark,player_1,gpt-5-4-mini,gpt-5.4-mini,True,False,False,player_2_dead,159.4,180,45,0,150,105,16,16,1.0,13,0,646.308,0,1752.615,11184.179,35122.0,5,1,1,0,0,4,0,0,False,False,0,0,45,9.375,0.941
player1-gpt-5-4-mini__player2-gpt-5-3-codex-spark,round_01_run_c7124cffa3da,1,run_c7124cffa3da,player_2,gpt-5-3-codex-spark,gpt-5.3-codex-spark,gpt-5-4-mini,gpt-5.4-mini,player_1,gpt-5-4-mini,gpt-5.4-mini,False,True,False,player_2_dead,159.4,180,0,45,105,150,16,10,0.625,39,0,2121.385,0,1752.615,11184.179,5980.304,23,10,8,2,0,13,0,0,False,False,0,0,-45,6.562,0.659
player1-gpt-5-4-mini__player2-gpt-5-3-codex-spark,round_02_run_c5dd91d5685f,2,run_c5dd91d5685f,player_1,gpt-5-4-mini,gpt-5.4-mini,gpt-5-3-codex-spark,gpt-5.3-codex-spark,player_2,gpt-5-3-codex-spark,gpt-5.3-codex-spark,False,True,False,player_1_dead,115.2,180,-5,10,140,155,16,12,0.75,19,1,1262.158,1,884.977,7139.824,10061.667,7,1,0,1,0,6,0,0,False,False,0,0,-15,8.75,1.215
player1-gpt-5-4-mini__player2-gpt-5-3-codex-spark,round_02_run_c5dd91d5685f,2,run_c5dd91d5685f,player_2,gpt-5-3-codex-spark,gpt-5.3-codex-spark,gpt-5-4-mini,gpt-5.4-mini,player_2,gpt-5-3-codex-spark,gpt-5.3-codex-spark,True,False,False,player_1_dead,115.2,180,10,-5,155,140,18,17,0.944,25,0,598.32,1,884.977,7139.824,5546.091,12,1,0,1,0,11,0,0,False,False,0,0,15,8.611,1.345
player1-gpt-5-4-mini__player2-gpt-5-3-codex-spark,round_03_run_988344b082a4,3,run_988344b082a4,player_1,gpt-5-4-mini,gpt-5.4-mini,gpt-5-3-codex-spark,gpt-5.3-codex-spark,player_1,gpt-5-4-mini,gpt-5.4-mini,True,False,False,player_2_dead,70.5,180,120,-5,155,30,3,3,1.0,15,0,473.133,1,1620.212,7459.0,11067.5,7,2,0,2,0,5,11,0,True,False,0,0,125,51.667,2.199
player1-gpt-5-4-mini__player2-gpt-5-3-codex-spark,round_03_run_988344b082a4,3,run_988344b082a4,player_2,gpt-5-3-codex-spark,gpt-5.3-codex-spark,gpt-5-4-mini,gpt-5.4-mini,player_1,gpt-5-4-mini,gpt-5.4-mini,False,True,False,player_2_dead,70.5,180,-5,120,30,155,3,2,0.667,18,1,2576.111,1,1620.212,7459.0,4366.0,7,0,0,0,0,7,0,0,False,False,0,0,-125,10.0,0.426
player1-gpt-5-4-mini__player2-gpt-5-3-codex-spark,round_04_run_7bf931e15c06,4,run_7bf931e15c06,player_1,gpt-5-4-mini,gpt-5.4-mini,gpt-5-3-codex-spark,gpt-5.3-codex-spark,player_1,gpt-5-4-mini,gpt-5.4-mini,True,False,False,player_2_dead,90.5,180,145,-5,155,5,3,3,1.0,14,0,561.571,0,893.344,8770.857,11607.667,6,1,0,1,0,5,1,0,True,False,0,0,150,51.667,1.713
player1-gpt-5-4-mini__player2-gpt-5-3-codex-spark,round_04_run_7bf931e15c06,4,run_7bf931e15c06,player_2,gpt-5-3-codex-spark,gpt-5.3-codex-spark,gpt-5-4-mini,gpt-5.4-mini,player_1,gpt-5-4-mini,gpt-5.4-mini,False,True,False,player_2_dead,90.5,180,-5,145,5,155,3,1,0.333,18,0,1151.389,0,893.344,8770.857,6643.25,8,0,0,0,0,8,0,0,False,False,0,0,-150,1.667,0.055
player1-gpt-5-4-mini__player2-gpt-5-3-codex-spark,round_05_run_c525f0bf863f,5,run_c525f0bf863f,player_1,gpt-5-4-mini,gpt-5.4-mini,gpt-5-3-codex-spark,gpt-5.3-codex-spark,player_1,gpt-5-4-mini,gpt-5.4-mini,True,False,False,player_2_dead,116.6,180,55,-5,155,95,7,5,0.714,18,1,1442.889,3,791.959,8444.435,8581.0,7,1,0,0,1,6,1,0,True,False,0,0,60,22.143,1.329
player1-gpt-5-4-mini__player2-gpt-5-3-codex-spark,round_05_run_c525f0bf863f,5,run_c525f0bf863f,player_2,gpt-5-3-codex-spark,gpt-5.3-codex-spark,gpt-5-4-mini,gpt-5.4-mini,player_1,gpt-5-4-mini,gpt-5.4-mini,False,True,False,player_2_dead,116.6,180,-5,55,95,155,11,9,0.818,29,0,442.241,3,791.959,8444.435,8384.688,16,7,4,0,3,9,0,0,False,False,0,0,-60,8.636,0.815
player1-gpt-5-4-mini__player2-gpt-5-3-codex-spark,round_06_run_6304da9985f0,6,run_6304da9985f0,player_1,gpt-5-4-mini,gpt-5.4-mini,gpt-5-3-codex-spark,gpt-5.3-codex-spark,player_1,gpt-5-4-mini,gpt-5.4-mini,True,False,False,player_2_dead,154.7,180,60,-5,255,90,19,10,0.526,21,0,645.429,6,774.267,9188.821,11308.0,9,1,1,0,0,8,1,0,True,False,0,0,165,13.421,1.648
player1-gpt-5-4-mini__player2-gpt-5-3-codex-spark,round_06_run_6304da9985f0,6,run_6304da9985f0,player_2,gpt-5-3-codex-spark,gpt-5.3-codex-spark,gpt-5-4-mini,gpt-5.4-mini,player_1,gpt-5-4-mini,gpt-5.4-mini,False,True,False,player_2_dead,154.7,180,-5,60,90,255,39,7,0.179,33,0,996.455,6,774.267,9188.821,8185.0,19,7,6,0,1,12,0,1,False,True,0,0,-165,2.308,0.582
player1-gpt-5-4-mini__player2-gpt-5-3-codex-spark,round_07_run_bc68eec9bfc3,7,run_bc68eec9bfc3,player_1,gpt-5-4-mini,gpt-5.4-mini,gpt-5-3-codex-spark,gpt-5.3-codex-spark,player_1,gpt-5-4-mini,gpt-5.4-mini,True,False,False,player_2_dead,156.7,180,60,-5,255,90,19,10,0.526,13,0,700.846,0,1196.854,7803.0,8134.0,5,1,0,1,0,4,1,0,True,False,0,0,165,13.421,1.627
player1-gpt-5-4-mini__player2-gpt-5-3-codex-spark,round_07_run_bc68eec9bfc3,7,run_bc68eec9bfc3,player_2,gpt-5-3-codex-spark,gpt-5.3-codex-spark,gpt-5-4-mini,gpt-5.4-mini,player_1,gpt-5-4-mini,gpt-5.4-mini,False,True,False,player_2_dead,156.7,180,-5,60,90,255,39,7,0.179,35,0,1381.086,0,1196.854,7803.0,7733.316,19,7,6,0,1,12,0,0,False,False,0,0,-165,2.308,0.574
player1-gpt-5-4-mini__player2-gpt-5-3-codex-spark,round_08_run_05fad2c44c0a,8,run_05fad2c44c0a,player_1,gpt-5-4-mini,gpt-5.4-mini,gpt-5-3-codex-spark,gpt-5.3-codex-spark,player_1,gpt-5-4-mini,gpt-5.4-mini,True,False,False,player_2_dead,94.3,180,85,0,150,65,5,4,0.8,21,3,1877.048,3,1400.818,17499.5,9039.143,7,1,0,0,1,6,1,0,True,False,0,0,85,30.0,1.591
player1-gpt-5-4-mini__player2-gpt-5-3-codex-spark,round_08_run_05fad2c44c0a,8,run_05fad2c44c0a,player_2,gpt-5-3-codex-spark,gpt-5.3-codex-spark,gpt-5-4-mini,gpt-5.4-mini,player_1,gpt-5-4-mini,gpt-5.4-mini,False,True,False,player_2_dead,94.3,180,0,85,65,150,10,8,0.8,12,0,567.417,3,1400.818,17499.5,29344.0,5,1,1,0,0,4,0,8,False,True,0,0,-85,6.5,0.689
player1-gpt-5-4-mini__player2-gpt-5-3-codex-spark,round_09_run_54a469abdddc,9,run_54a469abdddc,player_1,gpt-5-4-mini,gpt-5.4-mini,gpt-5-3-codex-spark,gpt-5.3-codex-spark,player_1,gpt-5-4-mini,gpt-5.4-mini,True,False,False,player_2_dead,67.2,180,100,0,165,50,6,5,0.833,13,0,586.0,2,995.645,7933.833,7366.8,5,0,0,0,0,5,1,0,True,False,0,0,115,27.5,2.455
player1-gpt-5-4-mini__player2-gpt-5-3-codex-spark,round_09_run_54a469abdddc,9,run_54a469abdddc,player_2,gpt-5-3-codex-spark,gpt-5.3-codex-spark,gpt-5-4-mini,gpt-5.4-mini,player_1,gpt-5-4-mini,gpt-5.4-mini,False,True,False,player_2_dead,67.2,180,0,100,50,165,11,5,0.455,16,0,1452.438,2,995.645,7933.833,8338.857,8,3,0,1,2,5,0,1,False,True,0,0,-115,4.545,0.744
player1-gpt-5-4-mini__player2-gpt-5-3-codex-spark,round_10_run_184607f40cea,10,run_184607f40cea,player_1,gpt-5-4-mini,gpt-5.4-mini,gpt-5-3-codex-spark,gpt-5.3-codex-spark,player_1,gpt-5-4-mini,gpt-5.4-mini,True,False,False,player_2_dead,66.9,180,115,0,150,35,6,3,0.5,16,2,469.0,3,462.765,6296.0,6058.2,5,0,0,0,0,5,1,0,True,False,0,0,115,25.0,2.242
player1-gpt-5-4-mini__player2-gpt-5-3-codex-spark,round_10_run_184607f40cea,10,run_184607f40cea,player_2,gpt-5-3-codex-spark,gpt-5.3-codex-spark,gpt-5-4-mini,gpt-5.4-mini,player_1,gpt-5-4-mini,gpt-5.4-mini,False,True,False,player_2_dead,66.9,180,0,115,35,150,8,5,0.625,16,0,514.188,3,462.765,6296.0,6494.167,7,1,0,1,0,6,0,0,False,False,0,0,-115,4.375,0.523
player1-gpt-5-3-codex-spark__player2-gpt-5-4-mini,round_01_run_72caafac2b8f,1,run_72caafac2b8f,player_1,gpt-5-3-codex-spark,gpt-5.3-codex-spark,gpt-5-4-mini,gpt-5.4-mini,draw,draw,draw,False,False,True,timeout_draw,180.1,180,150,150,0,0,0,0,,30,0,797.233,2,752.51,10119.818,7000.571,14,2,2,0,0,12,4,0,True,False,0,0,0,0,0.0
player1-gpt-5-3-codex-spark__player2-gpt-5-4-mini,round_01_run_72caafac2b8f,1,run_72caafac2b8f,player_2,gpt-5-4-mini,gpt-5.4-mini,gpt-5-3-codex-spark,gpt-5.3-codex-spark,draw,draw,draw,False,False,True,timeout_draw,180.1,180,150,150,0,0,0,0,,19,0,760.789,2,752.51,10119.818,15578.5,8,5,5,0,0,3,0,0,False,False,0,0,0,0,0.0
player1-gpt-5-3-codex-spark__player2-gpt-5-4-mini,round_02_run_cc34dd7d09a7,2,run_cc34dd7d09a7,player_1,gpt-5-3-codex-spark,gpt-5.3-codex-spark,gpt-5-4-mini,gpt-5.4-mini,player_2,gpt-5-4-mini,gpt-5.4-mini,False,True,False,timeout_health,180.2,180,130,150,15,20,2,1,0.5,31,0,2061.71,6,1401.379,8977.792,6448.333,15,1,1,0,0,14,5,0,True,False,0,0,-5,7.5,0.083
player1-gpt-5-3-codex-spark__player2-gpt-5-4-mini,round_02_run_cc34dd7d09a7,2,run_cc34dd7d09a7,player_2,gpt-5-4-mini,gpt-5.4-mini,gpt-5-3-codex-spark,gpt-5.3-codex-spark,player_2,gpt-5-4-mini,gpt-5.4-mini,True,False,False,timeout_health,180.2,180,150,130,20,15,3,2,0.667,21,0,825.429,6,1401.379,8977.792,13193.556,9,2,2,0,0,7,0,2,False,True,0,0,5,6.667,0.111
player1-gpt-5-3-codex-spark__player2-gpt-5-4-mini,round_03_run_e4050eb3348a,3,run_e4050eb3348a,player_1,gpt-5-3-codex-spark,gpt-5.3-codex-spark,gpt-5-4-mini,gpt-5.4-mini,player_2,gpt-5-4-mini,gpt-5.4-mini,False,True,False,timeout_health,182.2,180,130,150,15,20,2,1,0.5,1,0,63.0,0,63.0,0.0,0.0,0,0,0,0,0,0,0,0,False,False,0,0,-5,7.5,0.082
player1-gpt-5-3-codex-spark__player2-gpt-5-4-mini,round_03_run_e4050eb3348a,3,run_e4050eb3348a,player_2,gpt-5-4-mini,gpt-5.4-mini,gpt-5-3-codex-spark,gpt-5.3-codex-spark,player_2,gpt-5-4-mini,gpt-5.4-mini,True,False,False,timeout_health,182.2,180,150,130,20,15,3,2,0.667,0,0,0,0,63.0,0.0,0.0,0,0,0,0,0,0,0,0,False,False,0,0,5,6.667,0.11
player1-gpt-5-3-codex-spark__player2-gpt-5-4-mini,round_04_run_acc50642f350,4,run_acc50642f350,player_1,gpt-5-3-codex-spark,gpt-5.3-codex-spark,gpt-5-4-mini,gpt-5.4-mini,player_2,gpt-5-4-mini,gpt-5.4-mini,False,True,False,timeout_health,180.6,180,145,150,50,5,5,4,0.8,33,1,361.818,1,531.893,8203.56,6486.2,15,1,0,1,0,14,0,0,False,False,0,0,45,10.0,0.277
player1-gpt-5-3-codex-spark__player2-gpt-5-4-mini,round_04_run_acc50642f350,4,run_acc50642f350,player_2,gpt-5-4-mini,gpt-5.4-mini,gpt-5-3-codex-spark,gpt-5.3-codex-spark,player_2,gpt-5-4-mini,gpt-5.4-mini,True,False,False,timeout_health,180.6,180,150,145,5,50,5,1,0.2,23,0,775.913,1,531.893,8203.56,10779.6,10,1,1,0,0,9,0,1,False,True,0,0,-45,1.0,0.028
player1-gpt-5-3-codex-spark__player2-gpt-5-4-mini,round_05_run_72ea2c178368,5,run_72ea2c178368,player_1,gpt-5-3-codex-spark,gpt-5.3-codex-spark,gpt-5-4-mini,gpt-5.4-mini,draw,draw,draw,False,False,True,timeout_draw,180.3,180,150,150,60,35,7,5,0.714,26,0,649.923,0,682.311,8672.667,8405.154,13,4,4,0,0,9,0,1,False,False,0,0,25,8.571,0.333
player1-gpt-5-3-codex-spark__player2-gpt-5-4-mini,round_05_run_72ea2c178368,5,run_72ea2c178368,player_2,gpt-5-4-mini,gpt-5.4-mini,gpt-5-3-codex-spark,gpt-5.3-codex-spark,draw,draw,draw,False,False,True,timeout_draw,180.3,180,150,150,35,60,7,4,0.571,19,0,726.632,0,682.311,8672.667,9107.375,8,0,0,0,0,8,0,1,False,True,0,0,-25,5.0,0.194
player1-gpt-5-3-codex-spark__player2-gpt-5-4-mini,round_06_run_a82a214b199d,6,run_a82a214b199d,player_1,gpt-5-3-codex-spark,gpt-5.3-codex-spark,gpt-5-4-mini,gpt-5.4-mini,draw,draw,draw,False,False,True,timeout_draw,182.3,180,150,150,60,35,7,5,0.714,0,0,0,0,77.0,0.0,0.0,0,0,0,0,0,0,0,0,False,False,0,0,25,8.571,0.329
player1-gpt-5-3-codex-spark__player2-gpt-5-4-mini,round_06_run_a82a214b199d,6,run_a82a214b199d,player_2,gpt-5-4-mini,gpt-5.4-mini,gpt-5-3-codex-spark,gpt-5.3-codex-spark,draw,draw,draw,False,False,True,timeout_draw,182.3,180,150,150,35,60,7,4,0.571,1,0,77.0,0,77.0,0.0,0.0,0,0,0,0,0,0,0,0,False,False,0,0,-25,5.0,0.192
player1-gpt-5-3-codex-spark__player2-gpt-5-4-mini,round_07_run_c267d3ae7b26,7,run_c267d3ae7b26,player_1,gpt-5-3-codex-spark,gpt-5.3-codex-spark,gpt-5-4-mini,gpt-5.4-mini,draw,draw,draw,False,False,True,timeout_draw,180.3,180,150,150,0,0,0,0,,31,0,784.387,1,737.347,10582.125,11290.294,17,7,6,1,0,10,0,7,False,True,0,0,0,0,0.0
player1-gpt-5-3-codex-spark__player2-gpt-5-4-mini,round_07_run_c267d3ae7b26,7,run_c267d3ae7b26,player_2,gpt-5-4-mini,gpt-5.4-mini,gpt-5-3-codex-spark,gpt-5.3-codex-spark,draw,draw,draw,False,False,True,timeout_draw,180.3,180,150,150,0,0,0,0,,17,0,694.647,1,737.347,10582.125,8862.286,7,0,0,0,0,7,0,0,False,False,0,0,0,0,0.0
player1-gpt-5-3-codex-spark__player2-gpt-5-4-mini,round_08_run_6f79303b1498,8,run_6f79303b1498,player_1,gpt-5-3-codex-spark,gpt-5.3-codex-spark,gpt-5-4-mini,gpt-5.4-mini,draw,draw,draw,False,False,True,timeout_draw,182.3,180,150,150,0,0,0,0,,0,0,0,0,0.0,0.0,0.0,0,0,0,0,0,0,0,0,False,False,0,0,0,0,0.0
player1-gpt-5-3-codex-spark__player2-gpt-5-4-mini,round_08_run_6f79303b1498,8,run_6f79303b1498,player_2,gpt-5-4-mini,gpt-5.4-mini,gpt-5-3-codex-spark,gpt-5.3-codex-spark,draw,draw,draw,False,False,True,timeout_draw,182.3,180,150,150,0,0,0,0,,0,0,0,0,0.0,0.0,0.0,0,0,0,0,0,0,0,0,False,False,0,0,0,0,0.0
player1-gpt-5-3-codex-spark__player2-gpt-5-4-mini,round_09_run_c3961c23a2bb,9,run_c3961c23a2bb,player_1,gpt-5-3-codex-spark,gpt-5.3-codex-spark,gpt-5-4-mini,gpt-5.4-mini,draw,draw,draw,False,False,True,timeout_draw,180.8,180,150,150,0,0,0,0,,30,0,1338.4,0,1105.0,7746.818,6853.75,12,0,0,0,0,12,0,7,False,True,0,0,0,0,0.0
player1-gpt-5-3-codex-spark__player2-gpt-5-4-mini,round_09_run_c3961c23a2bb,9,run_c3961c23a2bb,player_2,gpt-5-4-mini,gpt-5.4-mini,gpt-5-3-codex-spark,gpt-5.3-codex-spark,draw,draw,draw,False,False,True,timeout_draw,180.8,180,150,150,0,0,0,0,,25,0,824.92,0,1105.0,7746.818,8818.5,10,0,0,0,0,10,0,0,False,False,0,0,0,0,0.0
player1-gpt-5-3-codex-spark__player2-gpt-5-4-mini,round_10_run_70410a364fc9,10,run_70410a364fc9,player_1,gpt-5-3-codex-spark,gpt-5.3-codex-spark,gpt-5-4-mini,gpt-5.4-mini,draw,draw,draw,False,False,True,timeout_draw,182.8,180,150,150,0,0,0,0,,8,0,15181.875,0,12168.0,10604.0,10604.0,1,0,0,0,0,1,0,0,False,False,0,0,0,0,0.0
player1-gpt-5-3-codex-spark__player2-gpt-5-4-mini,round_10_run_70410a364fc9,10,run_70410a364fc9,player_2,gpt-5-4-mini,gpt-5.4-mini,gpt-5-3-codex-spark,gpt-5.3-codex-spark,draw,draw,draw,False,False,True,timeout_draw,182.8,180,150,150,0,0,0,0,,2,0,112.5,0,12168.0,10604.0,0.0,0,0,0,0,0,0,0,0,False,False,0,0,0,0,0.0
