pair_id,pov_id,round_number,run_id,model_a,model_b,player_1_model,player_2_model,winner,loser,draw,winner_reason,timeout,round_duration,player_1_final_health,player_2_final_health,player_1_damage_dealt,player_2_damage_dealt,damage_differential,hit_count,total_mcp_calls_p1,total_mcp_calls_p2,errored_calls_p1,errored_calls_p2,post_finish_rejections,invalid_sequence_count,mean_decision_latency_p1,mean_decision_latency_p2,p95_decision_latency_p1,p95_decision_latency_p2,stale_policy_count,stale_policy_duration,intents_per_round_p1,intents_per_round_p2,intent_distribution,fire_policy_distribution,distance_policy_distribution,pair_folder,pov_orientation,round_folder,winner_participant,loser_participant,model_a_damage_dealt,model_b_damage_dealt,model_a_final_health,model_b_final_health,player_1_hits,player_2_hits,events_count,missing_core_files,missing_metadata_files,corrupted_files
pair-01,pov1-gpt-5-3-codex__pov2-gpt-5-5,1,run_89bc9ee7f178,gpt-5-5,gpt-5-3-codex,gpt-5-3-codex,gpt-5-5,gpt-5-5,gpt-5-3-codex,False,player_1_dead,False,8.3,0,35,115,150,-35.0,23.0,8,7,1,2,3,1,5650.0,5325.5,5925.0,5455.0,0,0,2,1,"{""all"":{""engage_opponent"":3},""player_1"":{""engage_opponent"":2},""player_2"":{""engage_opponent"":1}}","{""all"":{""only_when_aligned"":3},""player_1"":{""only_when_aligned"":2},""player_2"":{""only_when_aligned"":1}}","{""all"":{""close"":3},""player_1"":{""close"":2},""player_2"":{""close"":1}}",pair-01__gpt-5-5-vs-gpt-5-3-codex,B,round_01_run_89bc9ee7f178,player_2,player_1,150,115,35,0,11,12,181,,,
pair-01,pov1-gpt-5-3-codex__pov2-gpt-5-5,2,run_a8837d6afe36,gpt-5-5,gpt-5-3-codex,gpt-5-3-codex,gpt-5-5,gpt-5-5,gpt-5-3-codex,False,player_1_dead,False,14.3,0,35,115,150,-35.0,23.0,7,6,2,1,3,0,5610.5,5548.5,5726.0,5943.0,0,0,1,1,"{""all"":{""engage_opponent"":2},""player_1"":{""engage_opponent"":1},""player_2"":{""engage_opponent"":1}}","{""all"":{""only_when_aligned"":2},""player_1"":{""only_when_aligned"":1},""player_2"":{""only_when_aligned"":1}}","{""all"":{""close"":2},""player_1"":{""close"":1},""player_2"":{""close"":1}}",pair-01__gpt-5-5-vs-gpt-5-3-codex,B,round_02_run_a8837d6afe36,player_2,player_1,150,115,35,0,11,12,140,,,
pair-01,pov1-gpt-5-3-codex__pov2-gpt-5-5,3,run_5321edfe2c04,gpt-5-5,gpt-5-3-codex,gpt-5-3-codex,gpt-5-5,gpt-5-5,gpt-5-3-codex,False,player_1_dead,False,7.4,0,40,110,150,-40.0,26.0,7,6,2,1,3,0,5319.5,5186.5,5497.0,5292.0,0,0,1,1,"{""all"":{""engage_opponent"":2},""player_1"":{""engage_opponent"":1},""player_2"":{""engage_opponent"":1}}","{""all"":{""only_when_aligned"":2},""player_1"":{""only_when_aligned"":1},""player_2"":{""only_when_aligned"":1}}","{""all"":{""close"":2},""player_1"":{""close"":1},""player_2"":{""close"":1}}",pair-01__gpt-5-5-vs-gpt-5-3-codex,B,round_03_run_5321edfe2c04,player_2,player_1,150,110,40,0,11,15,151,,,
pair-01,pov1-gpt-5-3-codex__pov2-gpt-5-5,4,run_dbf1c39d78f2,gpt-5-5,gpt-5-3-codex,gpt-5-3-codex,gpt-5-5,gpt-5-5,gpt-5-3-codex,False,player_1_dead,False,5.6,0,35,115,150,-35.0,21.0,6,6,1,1,2,0,5559.5,6218.0,5567.0,7107.0,0,0,1,1,"{""all"":{""engage_opponent"":2},""player_1"":{""engage_opponent"":1},""player_2"":{""engage_opponent"":1}}","{""all"":{""only_when_aligned"":2},""player_1"":{""only_when_aligned"":1},""player_2"":{""only_when_aligned"":1}}","{""all"":{""close"":2},""player_1"":{""close"":1},""player_2"":{""close"":1}}",pair-01__gpt-5-5-vs-gpt-5-3-codex,B,round_04_run_dbf1c39d78f2,player_2,player_1,150,115,35,0,9,12,126,,,
pair-01,pov1-gpt-5-3-codex__pov2-gpt-5-5,5,run_92675153319c,gpt-5-5,gpt-5-3-codex,gpt-5-3-codex,gpt-5-5,gpt-5-5,gpt-5-3-codex,False,player_1_dead,False,6.5,-5,50,100,155,-55.0,22.0,5,6,0,0,0,0,6845.0,9393.0,6845.0,13517.0,0,0,1,2,"{""all"":{""engage_opponent"":3},""player_1"":{""engage_opponent"":1},""player_2"":{""engage_opponent"":2}}","{""all"":{""only_when_aligned"":3},""player_1"":{""only_when_aligned"":1},""player_2"":{""only_when_aligned"":2}}","{""all"":{""close"":3},""player_1"":{""close"":1},""player_2"":{""close"":2}}",pair-01__gpt-5-5-vs-gpt-5-3-codex,B,round_05_run_92675153319c,player_2,player_1,155,100,50,-5,9,13,160,,,
pair-01,pov1-gpt-5-3-codex__pov2-gpt-5-5,6,run_ce30e6860a28,gpt-5-5,gpt-5-3-codex,gpt-5-3-codex,gpt-5-5,gpt-5-5,gpt-5-3-codex,False,player_1_dead,False,5.9,0,45,105,150,-45.0,24.0,12,6,1,1,1,2,8506.333,5312.5,13934.0,5360.0,0,0,4,1,"{""all"":{""engage_opponent"":4,""strafe_attack"":1},""player_1"":{""engage_opponent"":3,""strafe_attack"":1},""player_2"":{""engage_opponent"":1}}","{""all"":{""burst_when_aligned"":1,""only_when_aligned"":4},""player_1"":{""burst_when_aligned"":1,""only_when_aligned"":3},""player_2"":{""only_when_aligned"":1}}","{""all"":{""close"":4,""kite"":1},""player_1"":{""close"":3,""kite"":1},""player_2"":{""close"":1}}",pair-01__gpt-5-5-vs-gpt-5-3-codex,B,round_06_run_ce30e6860a28,player_2,player_1,150,105,45,0,11,13,134,,,
pair-01,pov1-gpt-5-3-codex__pov2-gpt-5-5,7,run_db1aaf89f3a7,gpt-5-5,gpt-5-3-codex,gpt-5-3-codex,gpt-5-5,gpt-5-5,gpt-5-3-codex,False,player_1_dead,False,5.8,0,70,80,150,-70.0,22.0,6,6,0,0,0,0,7078.0,10289.0,7078.0,15226.0,0,0,1,2,"{""all"":{""engage_opponent"":3},""player_1"":{""engage_opponent"":1},""player_2"":{""engage_opponent"":2}}","{""all"":{""only_when_aligned"":3},""player_1"":{""only_when_aligned"":1},""player_2"":{""only_when_aligned"":2}}","{""all"":{""close"":3},""player_1"":{""close"":1},""player_2"":{""close"":2}}",pair-01__gpt-5-5-vs-gpt-5-3-codex,B,round_07_run_db1aaf89f3a7,player_2,player_1,150,80,70,0,9,13,127,,,
pair-01,pov1-gpt-5-3-codex__pov2-gpt-5-5,8,run_a1bc116dac2f,gpt-5-5,gpt-5-3-codex,gpt-5-3-codex,gpt-5-5,gpt-5-5,gpt-5-3-codex,False,player_1_dead,False,7.5,-10,20,130,160,-30.0,27.0,7,8,2,1,3,0,6413.0,9476.5,6753.0,13558.0,0,0,1,2,"{""all"":{""engage_opponent"":3},""player_1"":{""engage_opponent"":1},""player_2"":{""engage_opponent"":2}}","{""all"":{""only_when_aligned"":3},""player_1"":{""only_when_aligned"":1},""player_2"":{""only_when_aligned"":2}}","{""all"":{""close"":3},""player_1"":{""close"":1},""player_2"":{""close"":2}}",pair-01__gpt-5-5-vs-gpt-5-3-codex,B,round_08_run_a1bc116dac2f,player_2,player_1,160,130,20,-10,12,15,166,,,
pair-01,pov1-gpt-5-3-codex__pov2-gpt-5-5,9,run_4149f3ae9cd6,gpt-5-5,gpt-5-3-codex,gpt-5-3-codex,gpt-5-5,gpt-5-5,gpt-5-3-codex,False,player_1_dead,False,7.6,-5,65,85,155,-70.0,25.0,6,6,1,1,2,0,5928.5,5598.0,6018.0,5723.0,0,0,1,1,"{""all"":{""engage_opponent"":2},""player_1"":{""engage_opponent"":1},""player_2"":{""engage_opponent"":1}}","{""all"":{""only_when_aligned"":2},""player_1"":{""only_when_aligned"":1},""player_2"":{""only_when_aligned"":1}}","{""all"":{""close"":2},""player_1"":{""close"":1},""player_2"":{""close"":1}}",pair-01__gpt-5-5-vs-gpt-5-3-codex,B,round_09_run_4149f3ae9cd6,player_2,player_1,155,85,65,-5,11,14,156,,,
pair-01,pov1-gpt-5-3-codex__pov2-gpt-5-5,10,run_68c1cfd0b126,gpt-5-5,gpt-5-3-codex,gpt-5-3-codex,gpt-5-5,gpt-5-5,gpt-5-3-codex,False,player_1_dead,False,93.6,-5,65,85,155,-70.0,25.0,6,6,1,1,2,0,6912.5,5701.0,7922.0,5789.0,0,0,1,1,"{""all"":{""engage_opponent"":2},""player_1"":{""engage_opponent"":1},""player_2"":{""engage_opponent"":1}}","{""all"":{""only_when_aligned"":2},""player_1"":{""only_when_aligned"":1},""player_2"":{""only_when_aligned"":1}}","{""all"":{""close"":2},""player_1"":{""close"":1},""player_2"":{""close"":1}}",pair-01__gpt-5-5-vs-gpt-5-3-codex,B,round_10_run_68c1cfd0b126,player_2,player_1,155,85,65,-5,11,14,147,,,
pair-01,pov1-gpt-5-5__pov2-gpt-5-3-codex,1,run_77dfc3d6098e,gpt-5-5,gpt-5-3-codex,gpt-5-5,gpt-5-3-codex,gpt-5-3-codex,gpt-5-5,False,timeout_health,True,120.0,10,15,135,140,-5.0,26.0,24,25,1,2,3,0,6216.0,6936.636,8303.0,10357.0,2,22657,10,10,"{""all"":{""engage_opponent"":3,""search"":3,""strafe_attack"":14},""player_1"":{""search"":2,""strafe_attack"":8},""player_2"":{""engage_opponent"":3,""search"":1,""strafe_attack"":6}}","{""all"":{""burst_when_aligned"":2,""hold_fire"":3,""only_when_aligned"":4,""suppressive"":11},""player_1"":{""burst_when_aligned"":1,""hold_fire"":2,""only_when_aligned"":2,""suppressive"":5},""player_2"":{""burst_when_aligned"":1,""hold_fire"":1,""only_when_aligned"":2,""suppressive"":6}}","{""all"":{""close"":3,""kite"":3,""maintain"":14},""player_1"":{""kite"":1,""maintain"":9},""player_2"":{""close"":3,""kite"":2,""maintain"":5}}",pair-01__gpt-5-5-vs-gpt-5-3-codex,A,round_01_run_77dfc3d6098e,player_2,player_1,135,140,10,15,13,13,1223,,,
pair-01,pov1-gpt-5-5__pov2-gpt-5-3-codex,2,run_7ee902da7593,gpt-5-5,gpt-5-3-codex,gpt-5-5,gpt-5-3-codex,gpt-5-3-codex,gpt-5-5,False,player_1_dead,False,14.5,0,15,135,150,-15.0,26.0,9,9,2,2,4,0,5907.667,5762.0,6657.0,6008.0,0,0,2,2,"{""all"":{""engage_opponent"":1,""strafe_attack"":3},""player_1"":{""strafe_attack"":2},""player_2"":{""engage_opponent"":1,""strafe_attack"":1}}","{""all"":{""only_when_aligned"":2,""suppressive"":2},""player_1"":{""only_when_aligned"":1,""suppressive"":1},""player_2"":{""only_when_aligned"":1,""suppressive"":1}}","{""all"":{""close"":1,""kite"":1,""maintain"":2},""player_1"":{""kite"":1,""maintain"":1},""player_2"":{""close"":1,""maintain"":1}}",pair-01__gpt-5-5-vs-gpt-5-3-codex,A,round_02_run_7ee902da7593,player_2,player_1,135,150,0,15,12,14,196,,,
pair-01,pov1-gpt-5-5__pov2-gpt-5-3-codex,3,run_9c3ace6644c8,gpt-5-5,gpt-5-3-codex,gpt-5-5,gpt-5-3-codex,gpt-5-3-codex,gpt-5-5,False,player_1_dead,False,9.4,-10,20,130,160,-30.0,28.0,8,8,1,1,2,0,5687.0,9568.0,5842.0,13706.0,0,0,2,2,"{""all"":{""engage_opponent"":2,""strafe_attack"":2},""player_1"":{""strafe_attack"":2},""player_2"":{""engage_opponent"":2}}","{""all"":{""only_when_aligned"":2,""suppressive"":2},""player_1"":{""suppressive"":2},""player_2"":{""only_when_aligned"":2}}","{""all"":{""close"":3,""kite"":1},""player_1"":{""close"":1,""kite"":1},""player_2"":{""close"":2}}",pair-01__gpt-5-5-vs-gpt-5-3-codex,A,round_03_run_9c3ace6644c8,player_2,player_1,130,160,-10,20,12,16,140,,,
pair-01,pov1-gpt-5-5__pov2-gpt-5-3-codex,4,run_b3930b113635,gpt-5-5,gpt-5-3-codex,gpt-5-5,gpt-5-3-codex,gpt-5-5,gpt-5-3-codex,False,player_2_dead,False,14.0,80,-5,155,70,85.0,21.0,9,8,2,1,3,0,6091.667,8716.333,6976.0,14190.0,0,0,2,2,"{""all"":{""engage_opponent"":2,""strafe_attack"":2},""player_1"":{""strafe_attack"":2},""player_2"":{""engage_opponent"":2}}","{""all"":{""only_when_aligned"":2,""suppressive"":2},""player_1"":{""suppressive"":2},""player_2"":{""only_when_aligned"":2}}","{""all"":{""close"":2,""kite"":1,""maintain"":1},""player_1"":{""kite"":1,""maintain"":1},""player_2"":{""close"":2}}",pair-01__gpt-5-5-vs-gpt-5-3-codex,A,round_04_run_b3930b113635,player_1,player_2,155,70,80,-5,15,6,198,,,
pair-01,pov1-gpt-5-5__pov2-gpt-5-3-codex,5,run_679ba9c92eeb,gpt-5-5,gpt-5-3-codex,gpt-5-5,gpt-5-3-codex,gpt-5-5,gpt-5-3-codex,False,player_2_dead,False,11.3,100,0,150,50,100.0,20.0,10,6,2,1,3,0,5717.333,7220.5,5971.0,7402.0,0,0,2,1,"{""all"":{""engage_opponent"":1,""strafe_attack"":2},""player_1"":{""strafe_attack"":2},""player_2"":{""engage_opponent"":1}}","{""all"":{""only_when_aligned"":1,""suppressive"":2},""player_1"":{""suppressive"":2},""player_2"":{""only_when_aligned"":1}}","{""all"":{""close"":1,""maintain"":2},""player_1"":{""maintain"":2},""player_2"":{""close"":1}}",pair-01__gpt-5-5-vs-gpt-5-3-codex,A,round_05_run_679ba9c92eeb,player_1,player_2,150,50,100,0,16,4,152,,,
pair-01,pov1-gpt-5-5__pov2-gpt-5-3-codex,6,run_b6067c0d3e37,gpt-5-5,gpt-5-3-codex,gpt-5-5,gpt-5-3-codex,gpt-5-5,gpt-5-3-codex,False,player_2_dead,False,37.3,100,0,150,50,100.0,20.0,7,8,2,1,3,0,6771.5,8348.333,7632.0,13599.0,0,0,1,2,"{""all"":{""engage_opponent"":2,""strafe_attack"":1},""player_1"":{""strafe_attack"":1},""player_2"":{""engage_opponent"":2}}","{""all"":{""only_when_aligned"":2,""suppressive"":1},""player_1"":{""suppressive"":1},""player_2"":{""only_when_aligned"":2}}","{""all"":{""close"":2,""maintain"":1},""player_1"":{""maintain"":1},""player_2"":{""close"":2}}",pair-01__gpt-5-5-vs-gpt-5-3-codex,A,round_06_run_b6067c0d3e37,player_1,player_2,150,50,100,0,16,4,131,,,
pair-01,pov1-gpt-5-5__pov2-gpt-5-3-codex,7,run_24b16173e0de,gpt-5-5,gpt-5-3-codex,gpt-5-5,gpt-5-3-codex,gpt-5-5,gpt-5-3-codex,False,player_2_dead,False,10.9,65,0,150,85,65.0,22.0,7,8,2,1,3,0,5983.0,9967.5,6031.0,14139.0,0,0,1,2,"{""all"":{""engage_opponent"":2,""strafe_attack"":1},""player_1"":{""strafe_attack"":1},""player_2"":{""engage_opponent"":2}}","{""all"":{""only_when_aligned"":2,""suppressive"":1},""player_1"":{""suppressive"":1},""player_2"":{""only_when_aligned"":2}}","{""all"":{""close"":2,""maintain"":1},""player_1"":{""maintain"":1},""player_2"":{""close"":2}}",pair-01__gpt-5-5-vs-gpt-5-3-codex,A,round_07_run_24b16173e0de,player_1,player_2,150,85,65,0,14,8,140,,,
pair-01,pov1-gpt-5-5__pov2-gpt-5-3-codex,8,run_95b9092c486d,gpt-5-5,gpt-5-3-codex,gpt-5-5,gpt-5-3-codex,gpt-5-5,gpt-5-3-codex,False,player_2_dead,False,13.7,10,-5,155,140,15.0,30.0,8,8,1,1,2,0,6075.0,9318.667,6121.0,14969.0,0,0,2,2,"{""all"":{""engage_opponent"":2,""strafe_attack"":2},""player_1"":{""strafe_attack"":2},""player_2"":{""engage_opponent"":2}}","{""all"":{""only_when_aligned"":2,""suppressive"":2},""player_1"":{""suppressive"":2},""player_2"":{""only_when_aligned"":2}}","{""all"":{""close"":2,""kite"":1,""maintain"":1},""player_1"":{""kite"":1,""maintain"":1},""player_2"":{""close"":2}}",pair-01__gpt-5-5-vs-gpt-5-3-codex,A,round_08_run_95b9092c486d,player_1,player_2,155,140,10,-5,17,13,192,,,
pair-01,pov1-gpt-5-5__pov2-gpt-5-3-codex,9,run_e043d2b3faa3,gpt-5-5,gpt-5-3-codex,gpt-5-5,gpt-5-3-codex,gpt-5-5,gpt-5-3-codex,False,player_2_dead,False,9.1,105,-5,155,45,110.0,17.0,6,8,1,1,2,0,5967.0,10703.5,6018.0,15730.0,0,0,1,2,"{""all"":{""engage_opponent"":2,""strafe_attack"":1},""player_1"":{""strafe_attack"":1},""player_2"":{""engage_opponent"":2}}","{""all"":{""only_when_aligned"":2,""suppressive"":1},""player_1"":{""suppressive"":1},""player_2"":{""only_when_aligned"":2}}","{""all"":{""close"":2,""maintain"":1},""player_1"":{""maintain"":1},""player_2"":{""close"":2}}",pair-01__gpt-5-5-vs-gpt-5-3-codex,A,round_09_run_e043d2b3faa3,player_1,player_2,155,45,105,-5,13,4,123,,,
pair-01,pov1-gpt-5-5__pov2-gpt-5-3-codex,10,run_43fcef4843bd,gpt-5-5,gpt-5-3-codex,gpt-5-5,gpt-5-3-codex,gpt-5-5,gpt-5-3-codex,False,player_2_dead,False,11.1,75,-5,155,75,80.0,23.0,8,7,2,0,2,0,7419.5,10336.0,8235.0,14545.0,0,0,1,2,"{""all"":{""engage_opponent"":2,""strafe_attack"":1},""player_1"":{""strafe_attack"":1},""player_2"":{""engage_opponent"":2}}","{""all"":{""only_when_aligned"":2,""suppressive"":1},""player_1"":{""suppressive"":1},""player_2"":{""only_when_aligned"":2}}","{""all"":{""close"":2,""maintain"":1},""player_1"":{""maintain"":1},""player_2"":{""close"":2}}",pair-01__gpt-5-5-vs-gpt-5-3-codex,A,round_10_run_43fcef4843bd,player_1,player_2,155,75,75,-5,15,8,156,,,
pair-02,pov1-gpt-5-3-codex-spark__pov2-gpt-5-5,1,run_4e59c2b09285,gpt-5-5,gpt-5-3-codex-spark,gpt-5-3-codex-spark,gpt-5-5,gpt-5-5,gpt-5-3-codex-spark,False,player_1_dead,False,7.8,0,30,120,150,-30.0,27.0,16,6,1,1,2,0,3942.833,5885.0,8426.0,5885.0,0,0,5,1,"{""all"":{""engage_opponent"":5,""strafe_attack"":1},""player_1"":{""engage_opponent"":4,""strafe_attack"":1},""player_2"":{""engage_opponent"":1}}","{""all"":{""only_when_aligned"":5,""suppressive"":1},""player_1"":{""only_when_aligned"":4,""suppressive"":1},""player_2"":{""only_when_aligned"":1}}","{""all"":{""close"":5,""maintain"":1},""player_1"":{""close"":4,""maintain"":1},""player_2"":{""close"":1}}",pair-02__gpt-5-5-vs-gpt-5-3-codex-spark,B,round_01_run_4e59c2b09285,player_2,player_1,150,120,30,0,12,15,109,,,
pair-02,pov1-gpt-5-3-codex-spark__pov2-gpt-5-5,2,run_151fe4f4664e,gpt-5-5,gpt-5-3-codex-spark,gpt-5-3-codex-spark,gpt-5-5,gpt-5-5,gpt-5-3-codex-spark,False,player_1_dead,False,7.4,-5,70,80,155,-75.0,23.0,11,6,0,1,1,0,3590.75,6514.0,8501.0,6514.0,0,0,4,1,"{""all"":{""engage_opponent"":4,""strafe_attack"":1},""player_1"":{""engage_opponent"":3,""strafe_attack"":1},""player_2"":{""engage_opponent"":1}}","{""all"":{""burst_when_aligned"":1,""only_when_aligned"":4},""player_1"":{""burst_when_aligned"":1,""only_when_aligned"":3},""player_2"":{""only_when_aligned"":1}}","{""all"":{""close"":4,""kite"":1},""player_1"":{""close"":3,""kite"":1},""player_2"":{""close"":1}}",pair-02__gpt-5-5-vs-gpt-5-3-codex-spark,B,round_02_run_151fe4f4664e,player_2,player_1,155,80,70,-5,9,14,136,,,
pair-02,pov1-gpt-5-3-codex-spark__pov2-gpt-5-5,3,run_5e285673ccc4,gpt-5-5,gpt-5-3-codex-spark,gpt-5-3-codex-spark,gpt-5-5,gpt-5-5,gpt-5-3-codex-spark,False,player_1_dead,False,16.4,-5,70,80,155,-75.0,23.0,15,7,0,1,1,0,5763.333,6953.0,11430.0,7738.0,0,0,6,1,"{""all"":{""engage_opponent"":6,""strafe_attack"":1},""player_1"":{""engage_opponent"":5,""strafe_attack"":1},""player_2"":{""engage_opponent"":1}}","{""all"":{""only_when_aligned"":6,""suppressive"":1},""player_1"":{""only_when_aligned"":5,""suppressive"":1},""player_2"":{""only_when_aligned"":1}}","{""all"":{""close"":6,""maintain"":1},""player_1"":{""close"":5,""maintain"":1},""player_2"":{""close"":1}}",pair-02__gpt-5-5-vs-gpt-5-3-codex-spark,B,round_03_run_5e285673ccc4,player_2,player_1,155,80,70,-5,9,14,128,,,
pair-02,pov1-gpt-5-3-codex-spark__pov2-gpt-5-5,4,run_87fb166f0141,gpt-5-5,gpt-5-3-codex-spark,gpt-5-3-codex-spark,gpt-5-5,gpt-5-5,gpt-5-3-codex-spark,False,player_1_dead,False,12.2,-5,70,80,155,-75.0,26.0,17,9,0,1,1,0,3411.8,7886.0,10477.0,7930.0,0,0,5,2,"{""all"":{""engage_opponent"":2,""strafe_attack"":5},""player_1"":{""engage_opponent"":1,""strafe_attack"":4},""player_2"":{""engage_opponent"":1,""strafe_attack"":1}}","{""all"":{""burst_when_aligned"":3,""only_when_aligned"":2,""suppressive"":2},""player_1"":{""burst_when_aligned"":3,""only_when_aligned"":1,""suppressive"":1},""player_2"":{""only_when_aligned"":1,""suppressive"":1}}","{""all"":{""close"":2,""kite"":3,""maintain"":2},""player_1"":{""close"":1,""kite"":3,""maintain"":1},""player_2"":{""close"":1,""maintain"":1}}",pair-02__gpt-5-5-vs-gpt-5-3-codex-spark,B,round_04_run_87fb166f0141,player_2,player_1,155,80,70,-5,10,16,178,,,
pair-02,pov1-gpt-5-3-codex-spark__pov2-gpt-5-5,5,run_0245a2019448,gpt-5-5,gpt-5-3-codex-spark,gpt-5-3-codex-spark,gpt-5-5,gpt-5-5,gpt-5-3-codex-spark,False,player_1_dead,False,7.6,-5,35,115,155,-40.0,27.0,13,12,2,0,1,1,1941.0,13024.5,3209.0,23098.0,0,0,3,4,"{""all"":{""engage_opponent"":5,""strafe_attack"":2},""player_1"":{""engage_opponent"":2,""strafe_attack"":1},""player_2"":{""engage_opponent"":3,""strafe_attack"":1}}","{""all"":{""burst_when_aligned"":1,""only_when_aligned"":5,""suppressive"":1},""player_1"":{""burst_when_aligned"":1,""only_when_aligned"":2},""player_2"":{""only_when_aligned"":3,""suppressive"":1}}","{""all"":{""close"":5,""kite"":1,""maintain"":1},""player_1"":{""close"":2,""kite"":1},""player_2"":{""close"":3,""maintain"":1}}",pair-02__gpt-5-5-vs-gpt-5-3-codex-spark,B,round_05_run_0245a2019448,player_2,player_1,155,115,35,-5,12,15,121,,,
pair-02,pov1-gpt-5-3-codex-spark__pov2-gpt-5-5,6,run_403c7c9ea2e2,gpt-5-5,gpt-5-3-codex-spark,gpt-5-3-codex-spark,gpt-5-5,gpt-5-3-codex-spark,gpt-5-5,False,player_2_dead,False,7.0,5,-5,155,145,10.0,25.0,10,6,1,1,2,0,1547.75,7567.0,1839.0,7567.0,0,0,3,1,"{""all"":{""engage_opponent"":2,""strafe_attack"":2},""player_1"":{""engage_opponent"":1,""strafe_attack"":2},""player_2"":{""engage_opponent"":1}}","{""all"":{""only_when_aligned"":2,""suppressive"":2},""player_1"":{""only_when_aligned"":1,""suppressive"":2},""player_2"":{""only_when_aligned"":1}}","{""all"":{""close"":2,""maintain"":2},""player_1"":{""close"":1,""maintain"":2},""player_2"":{""close"":1}}",pair-02__gpt-5-5-vs-gpt-5-3-codex-spark,B,round_06_run_403c7c9ea2e2,player_1,player_2,145,155,-5,5,13,12,131,,,
pair-02,pov1-gpt-5-3-codex-spark__pov2-gpt-5-5,7,run_1568800276ac,gpt-5-5,gpt-5-3-codex-spark,gpt-5-3-codex-spark,gpt-5-5,gpt-5-5,gpt-5-3-codex-spark,False,player_1_dead,False,7.0,-5,65,85,155,-70.0,23.0,11,6,0,1,1,0,3613.25,7531.0,6584.0,7531.0,0,0,4,1,"{""all"":{""engage_opponent"":5},""player_1"":{""engage_opponent"":4},""player_2"":{""engage_opponent"":1}}","{""all"":{""only_when_aligned"":5},""player_1"":{""only_when_aligned"":4},""player_2"":{""only_when_aligned"":1}}","{""all"":{""close"":5},""player_1"":{""close"":4},""player_2"":{""close"":1}}",pair-02__gpt-5-5-vs-gpt-5-3-codex-spark,B,round_07_run_1568800276ac,player_2,player_1,155,85,65,-5,8,15,115,,,
pair-02,pov1-gpt-5-3-codex-spark__pov2-gpt-5-5,8,run_40b1d72c01b4,gpt-5-5,gpt-5-3-codex-spark,gpt-5-3-codex-spark,gpt-5-5,gpt-5-5,gpt-5-3-codex-spark,False,player_1_dead,False,7.4,0,55,95,150,-55.0,22.0,15,8,0,2,2,0,4522.5,5899.5,9570.0,6107.0,0,0,6,1,"{""all"":{""engage_opponent"":5,""strafe_attack"":2},""player_1"":{""engage_opponent"":4,""strafe_attack"":2},""player_2"":{""engage_opponent"":1}}","{""all"":{""burst_when_aligned"":1,""only_when_aligned"":5,""suppressive"":1},""player_1"":{""burst_when_aligned"":1,""only_when_aligned"":4,""suppressive"":1},""player_2"":{""only_when_aligned"":1}}","{""all"":{""close"":5,""kite"":2},""player_1"":{""close"":4,""kite"":2},""player_2"":{""close"":1}}",pair-02__gpt-5-5-vs-gpt-5-3-codex-spark,B,round_08_run_40b1d72c01b4,player_2,player_1,150,95,55,0,8,14,128,,,
pair-02,pov1-gpt-5-3-codex-spark__pov2-gpt-5-5,9,run_9f0679ae0a73,gpt-5-5,gpt-5-3-codex-spark,gpt-5-3-codex-spark,gpt-5-5,gpt-5-3-codex-spark,gpt-5-5,False,player_2_dead,False,11.9,10,0,150,140,10.0,32.0,7,7,1,1,2,0,3310.0,7275.0,3310.0,8000.0,0,0,1,1,"{""all"":{""engage_opponent"":2},""player_1"":{""engage_opponent"":1},""player_2"":{""engage_opponent"":1}}","{""all"":{""only_when_aligned"":2},""player_1"":{""only_when_aligned"":1},""player_2"":{""only_when_aligned"":1}}","{""all"":{""close"":2},""player_1"":{""close"":1},""player_2"":{""close"":1}}",pair-02__gpt-5-5-vs-gpt-5-3-codex-spark,B,round_09_run_9f0679ae0a73,player_1,player_2,140,150,0,10,16,16,165,,,
pair-02,pov1-gpt-5-3-codex-spark__pov2-gpt-5-5,10,run_3cec84cc9310,gpt-5-5,gpt-5-3-codex-spark,gpt-5-3-codex-spark,gpt-5-5,gpt-5-5,gpt-5-3-codex-spark,False,player_1_dead,False,7.8,-5,50,100,155,-55.0,24.0,13,9,0,3,2,0,3459.667,5881.5,6091.0,5974.0,0,0,3,1,"{""all"":{""engage_opponent"":4},""player_1"":{""engage_opponent"":3},""player_2"":{""engage_opponent"":1}}","{""all"":{""only_when_aligned"":4},""player_1"":{""only_when_aligned"":3},""player_2"":{""only_when_aligned"":1}}","{""all"":{""close"":4},""player_1"":{""close"":3},""player_2"":{""close"":1}}",pair-02__gpt-5-5-vs-gpt-5-3-codex-spark,B,round_10_run_3cec84cc9310,player_2,player_1,155,100,50,-5,10,14,139,,,
pair-02,pov1-gpt-5-5__pov2-gpt-5-3-codex-spark,1,run_2eaf4daa8320,gpt-5-5,gpt-5-3-codex-spark,gpt-5-5,gpt-5-3-codex-spark,gpt-5-3-codex-spark,gpt-5-5,False,player_1_dead,False,7.1,-5,60,90,155,-65.0,21.0,7,24,2,2,4,0,5524.0,3811.25,6024.0,8591.0,0,0,1,7,"{""all"":{""engage_opponent"":6,""strafe_attack"":2},""player_1"":{""engage_opponent"":1},""player_2"":{""engage_opponent"":5,""strafe_attack"":2}}","{""all"":{""only_when_aligned"":6,""suppressive"":2},""player_1"":{""only_when_aligned"":1},""player_2"":{""only_when_aligned"":5,""suppressive"":2}}","{""all"":{""close"":6,""maintain"":2},""player_1"":{""close"":1},""player_2"":{""close"":5,""maintain"":2}}",pair-02__gpt-5-5-vs-gpt-5-3-codex-spark,A,round_01_run_2eaf4daa8320,player_2,player_1,90,155,-5,60,8,13,228,,,
pair-02,pov1-gpt-5-5__pov2-gpt-5-3-codex-spark,2,run_87df713f8ac8,gpt-5-5,gpt-5-3-codex-spark,gpt-5-5,gpt-5-3-codex-spark,gpt-5-3-codex-spark,gpt-5-5,False,player_1_dead,False,8.3,-10,35,115,160,-45.0,25.0,6,12,1,1,2,0,5035.0,3045.2,5058.0,6439.0,0,0,1,4,"{""all"":{""engage_opponent"":4,""strafe_attack"":1},""player_1"":{""engage_opponent"":1},""player_2"":{""engage_opponent"":3,""strafe_attack"":1}}","{""all"":{""only_when_aligned"":4,""suppressive"":1},""player_1"":{""only_when_aligned"":1},""player_2"":{""only_when_aligned"":3,""suppressive"":1}}","{""all"":{""close"":4,""maintain"":1},""player_1"":{""close"":1},""player_2"":{""close"":3,""maintain"":1}}",pair-02__gpt-5-5-vs-gpt-5-3-codex-spark,A,round_02_run_87df713f8ac8,player_2,player_1,115,160,-10,35,10,15,133,,,
pair-02,pov1-gpt-5-5__pov2-gpt-5-3-codex-spark,3,run_aea6a0c3df8a,gpt-5-5,gpt-5-3-codex-spark,gpt-5-5,gpt-5-3-codex-spark,gpt-5-3-codex-spark,gpt-5-5,False,player_1_dead,False,6.3,0,35,115,150,-35.0,26.0,6,15,1,0,1,0,5510.5,3504.5,6026.0,8035.0,0,0,1,6,"{""all"":{""engage_opponent"":5,""strafe_attack"":2},""player_1"":{""engage_opponent"":1},""player_2"":{""engage_opponent"":4,""strafe_attack"":2}}","{""all"":{""only_when_aligned"":4,""suppressive"":3},""player_1"":{""suppressive"":1},""player_2"":{""only_when_aligned"":4,""suppressive"":2}}","{""all"":{""close"":5,""maintain"":2},""player_1"":{""close"":1},""player_2"":{""close"":4,""maintain"":2}}",pair-02__gpt-5-5-vs-gpt-5-3-codex-spark,A,round_03_run_aea6a0c3df8a,player_2,player_1,115,150,0,35,12,14,135,,,
pair-02,pov1-gpt-5-5__pov2-gpt-5-3-codex-spark,4,run_9bb7409c93b3,gpt-5-5,gpt-5-3-codex-spark,gpt-5-5,gpt-5-3-codex-spark,gpt-5-5,gpt-5-3-codex-spark,False,player_2_dead,False,57.1,60,0,150,115,35.0,25.0,18,38,1,0,1,0,5734.0,3499.941,6496.0,12263.0,0,0,7,17,"{""all"":{""engage_opponent"":6,""search"":12,""strafe_attack"":6},""player_1"":{""search"":5,""strafe_attack"":2},""player_2"":{""engage_opponent"":6,""search"":7,""strafe_attack"":4}}","{""all"":{""burst_when_aligned"":5,""hold_fire"":12,""only_when_aligned"":4,""suppressive"":3},""player_1"":{""hold_fire"":5,""suppressive"":2},""player_2"":{""burst_when_aligned"":5,""hold_fire"":7,""only_when_aligned"":4,""suppressive"":1}}","{""all"":{""close"":7,""kite"":10,""maintain"":7},""player_1"":{""kite"":3,""maintain"":4},""player_2"":{""close"":7,""kite"":7,""maintain"":3}}",pair-02__gpt-5-5-vs-gpt-5-3-codex-spark,A,round_04_run_9bb7409c93b3,player_1,player_2,150,115,60,0,13,12,497,,,
pair-02,pov1-gpt-5-5__pov2-gpt-5-3-codex-spark,5,run_d0fdab713de5,gpt-5-5,gpt-5-3-codex-spark,gpt-5-5,gpt-5-3-codex-spark,gpt-5-3-codex-spark,gpt-5-5,False,player_1_dead,False,79.6,-5,30,120,155,-35.0,28.0,24,64,1,3,2,0,5643.636,2467.63,6839.0,6021.0,0,0,10,26,"{""all"":{""engage_opponent"":9,""search"":16,""strafe_attack"":11},""player_1"":{""engage_opponent"":1,""search"":5,""strafe_attack"":4},""player_2"":{""engage_opponent"":8,""search"":11,""strafe_attack"":7}}","{""all"":{""burst_when_aligned"":4,""hold_fire"":16,""only_when_aligned"":9,""suppressive"":7},""player_1"":{""burst_when_aligned"":1,""hold_fire"":5,""suppressive"":4},""player_2"":{""burst_when_aligned"":3,""hold_fire"":11,""only_when_aligned"":9,""suppressive"":3}}","{""all"":{""close"":9,""kite"":7,""maintain"":20},""player_1"":{""close"":1,""kite"":3,""maintain"":6},""player_2"":{""close"":8,""kite"":4,""maintain"":14}}",pair-02__gpt-5-5-vs-gpt-5-3-codex-spark,A,round_05_run_d0fdab713de5,player_2,player_1,120,155,-5,30,13,15,695,,,
pair-02,pov1-gpt-5-5__pov2-gpt-5-3-codex-spark,6,run_f9accada17be,gpt-5-5,gpt-5-3-codex-spark,gpt-5-5,gpt-5-3-codex-spark,gpt-5-3-codex-spark,gpt-5-5,False,player_1_dead,False,43.3,-5,60,90,155,-65.0,25.0,15,25,0,1,1,0,7274.167,3390.923,14120.0,9705.0,0,0,6,12,"{""all"":{""engage_opponent"":4,""search"":5,""strafe_attack"":9},""player_1"":{""engage_opponent"":1,""search"":2,""strafe_attack"":3},""player_2"":{""engage_opponent"":3,""search"":3,""strafe_attack"":6}}","{""all"":{""burst_when_aligned"":4,""hold_fire"":5,""only_when_aligned"":4,""suppressive"":5},""player_1"":{""burst_when_aligned"":1,""hold_fire"":2,""only_when_aligned"":1,""suppressive"":2},""player_2"":{""burst_when_aligned"":3,""hold_fire"":3,""only_when_aligned"":3,""suppressive"":3}}","{""all"":{""close"":4,""kite"":5,""maintain"":9},""player_1"":{""close"":1,""kite"":2,""maintain"":3},""player_2"":{""close"":3,""kite"":3,""maintain"":6}}",pair-02__gpt-5-5-vs-gpt-5-3-codex-spark,A,round_06_run_f9accada17be,player_2,player_1,90,155,-5,60,9,16,260,,,
pair-02,pov1-gpt-5-5__pov2-gpt-5-3-codex-spark,7,run_9db79dd9b764,gpt-5-5,gpt-5-3-codex-spark,gpt-5-5,gpt-5-3-codex-spark,gpt-5-3-codex-spark,gpt-5-5,False,player_1_dead,False,12.2,-10,90,60,160,-100.0,20.0,7,15,0,2,2,0,6009.0,4055.167,6190.0,13426.0,0,0,2,5,"{""all"":{""engage_opponent"":3,""strafe_attack"":4},""player_1"":{""strafe_attack"":2},""player_2"":{""engage_opponent"":3,""strafe_attack"":2}}","{""all"":{""burst_when_aligned"":1,""only_when_aligned"":3,""suppressive"":3},""player_1"":{""burst_when_aligned"":1,""suppressive"":1},""player_2"":{""only_when_aligned"":3,""suppressive"":2}}","{""all"":{""close"":3,""kite"":1,""maintain"":3},""player_1"":{""kite"":1,""maintain"":1},""player_2"":{""close"":3,""maintain"":2}}",pair-02__gpt-5-5-vs-gpt-5-3-codex-spark,A,round_07_run_9db79dd9b764,player_2,player_1,60,160,-10,90,6,14,122,,,
pair-02,pov1-gpt-5-5__pov2-gpt-5-3-codex-spark,8,run_5e7f8e292e7b,gpt-5-5,gpt-5-3-codex-spark,gpt-5-5,gpt-5-3-codex-spark,gpt-5-3-codex-spark,gpt-5-5,False,player_1_dead,True,206.2,-10,90,60,160,-100.0,20.0,9,21,0,1,1,0,6288.0,4238.0,7815.0,11131.0,0,0,3,7,"{""all"":{""engage_opponent"":3,""search"":1,""strafe_attack"":6},""player_1"":{""strafe_attack"":3},""player_2"":{""engage_opponent"":3,""search"":1,""strafe_attack"":3}}","{""all"":{""burst_when_aligned"":2,""hold_fire"":1,""only_when_aligned"":4,""suppressive"":3},""player_1"":{""suppressive"":3},""player_2"":{""burst_when_aligned"":2,""hold_fire"":1,""only_when_aligned"":4}}","{""all"":{""close"":3,""kite"":3,""maintain"":4},""player_1"":{""maintain"":3},""player_2"":{""close"":3,""kite"":3,""maintain"":1}}",pair-02__gpt-5-5-vs-gpt-5-3-codex-spark,A,round_08_run_5e7f8e292e7b,player_2,player_1,60,160,-10,90,6,14,182,,,
pair-02,pov1-gpt-5-5__pov2-gpt-5-3-codex-spark,9,run_d3a771ecfb06,gpt-5-5,gpt-5-3-codex-spark,gpt-5-5,gpt-5-3-codex-spark,gpt-5-5,gpt-5-3-codex-spark,False,timeout_health,True,120.2,70,45,105,80,25.0,18.0,26,70,1,0,1,0,6185.636,2705.167,9461.0,7892.0,2,22334,10,30,"{""all"":{""engage_opponent"":10,""search"":19,""strafe_attack"":11},""player_1"":{""engage_opponent"":1,""search"":6,""strafe_attack"":3},""player_2"":{""engage_opponent"":9,""search"":13,""strafe_attack"":8}}","{""all"":{""burst_when_aligned"":6,""hold_fire"":23,""only_when_aligned"":6,""suppressive"":5},""player_1"":{""hold_fire"":6,""only_when_aligned"":1,""suppressive"":3},""player_2"":{""burst_when_aligned"":6,""hold_fire"":17,""only_when_aligned"":5,""suppressive"":2}}","{""all"":{""close"":8,""kite"":10,""maintain"":22},""player_1"":{""close"":1,""kite"":2,""maintain"":7},""player_2"":{""close"":7,""kite"":8,""maintain"":15}}",pair-02__gpt-5-5-vs-gpt-5-3-codex-spark,A,round_09_run_d3a771ecfb06,player_1,player_2,105,80,70,45,11,7,602,,,
pair-02,pov1-gpt-5-5__pov2-gpt-5-3-codex-spark,10,run_6bf1f1132c16,gpt-5-5,gpt-5-3-codex-spark,gpt-5-5,gpt-5-3-codex-spark,gpt-5-5,gpt-5-3-codex-spark,False,player_2_dead,False,9.8,10,-5,155,140,15.0,29.0,10,16,2,0,2,0,5931.667,6605.667,6281.0,14250.0,0,0,2,3,"{""all"":{""engage_opponent"":3,""strafe_attack"":2},""player_1"":{""engage_opponent"":2},""player_2"":{""engage_opponent"":1,""strafe_attack"":2}}","{""all"":{""only_when_aligned"":3,""suppressive"":2},""player_1"":{""only_when_aligned"":2},""player_2"":{""only_when_aligned"":1,""suppressive"":2}}","{""all"":{""close"":3,""kite"":1,""maintain"":1},""player_1"":{""close"":2},""player_2"":{""close"":1,""kite"":1,""maintain"":1}}",pair-02__gpt-5-5-vs-gpt-5-3-codex-spark,A,round_10_run_6bf1f1132c16,player_1,player_2,155,140,10,-5,14,15,170,,,
pair-03,pov1-gpt-5-4-mini__pov2-gpt-5-5,1,run_3cfd470b86d0,gpt-5-5,gpt-5-4-mini,gpt-5-4-mini,gpt-5-5,gpt-5-5,gpt-5-4-mini,False,player_1_dead,False,8.6,-5,20,130,165,-35.0,30.0,8,7,1,1,2,0,7866.667,6143.0,11612.0,6429.0,0,0,2,1,"{""all"":{""engage_opponent"":3},""player_1"":{""engage_opponent"":2},""player_2"":{""engage_opponent"":1}}","{""all"":{""only_when_aligned"":3},""player_1"":{""only_when_aligned"":2},""player_2"":{""only_when_aligned"":1}}","{""all"":{""close"":3},""player_1"":{""close"":2},""player_2"":{""close"":1}}",pair-03__gpt-5-5-vs-gpt-5-4-mini,B,round_01_run_3cfd470b86d0,player_2,player_1,165,130,20,-5,13,17,114,,,
pair-03,pov1-gpt-5-4-mini__pov2-gpt-5-5,2,run_552e35670869,gpt-5-5,gpt-5-4-mini,gpt-5-4-mini,gpt-5-5,gpt-5-4-mini,gpt-5-5,False,player_2_dead,False,8.2,15,-5,155,135,20.0,22.0,10,5,0,0,0,0,4825.667,7861.0,7952.0,7861.0,0,0,3,1,"{""all"":{""engage_opponent"":3,""strafe_attack"":1},""player_1"":{""engage_opponent"":2,""strafe_attack"":1},""player_2"":{""engage_opponent"":1}}","{""all"":{""only_when_aligned"":3,""suppressive"":1},""player_1"":{""only_when_aligned"":2,""suppressive"":1},""player_2"":{""only_when_aligned"":1}}","{""all"":{""close"":3,""maintain"":1},""player_1"":{""close"":2,""maintain"":1},""player_2"":{""close"":1}}",pair-03__gpt-5-5-vs-gpt-5-4-mini,B,round_02_run_552e35670869,player_1,player_2,135,155,-5,15,8,14,116,,,
pair-03,pov1-gpt-5-4-mini__pov2-gpt-5-5,3,run_c875a44b3bb3,gpt-5-5,gpt-5-4-mini,gpt-5-4-mini,gpt-5-5,gpt-5-4-mini,gpt-5-5,False,player_2_dead,False,18.3,90,0,150,85,65.0,20.0,12,9,1,1,2,0,5855.6,7648.333,9729.0,10232.0,0,0,4,2,"{""all"":{""engage_opponent"":3,""search"":1,""strafe_attack"":2},""player_1"":{""engage_opponent"":2,""strafe_attack"":2},""player_2"":{""engage_opponent"":1,""search"":1}}","{""all"":{""hold_fire"":1,""only_when_aligned"":3,""suppressive"":2},""player_1"":{""only_when_aligned"":2,""suppressive"":2},""player_2"":{""hold_fire"":1,""only_when_aligned"":1}}","{""all"":{""close"":3,""maintain"":3},""player_1"":{""close"":2,""maintain"":2},""player_2"":{""close"":1,""maintain"":1}}",pair-03__gpt-5-5-vs-gpt-5-4-mini,B,round_03_run_c875a44b3bb3,player_1,player_2,85,150,0,90,12,8,181,,,
pair-03,pov1-gpt-5-4-mini__pov2-gpt-5-5,4,run_d887c7e9b5c2,gpt-5-5,gpt-5-4-mini,gpt-5-4-mini,gpt-5-5,gpt-5-5,gpt-5-4-mini,False,player_1_dead,False,16.8,0,10,140,150,-10.0,30.0,8,9,1,1,2,0,4985.0,5234.667,6348.0,5718.0,0,0,2,2,"{""all"":{""engage_opponent"":2,""strafe_attack"":2},""player_1"":{""engage_opponent"":1,""strafe_attack"":1},""player_2"":{""engage_opponent"":1,""strafe_attack"":1}}","{""all"":{""only_when_aligned"":2,""suppressive"":2},""player_1"":{""only_when_aligned"":1,""suppressive"":1},""player_2"":{""only_when_aligned"":1,""suppressive"":1}}","{""all"":{""close"":2,""kite"":1,""maintain"":1},""player_1"":{""close"":1,""maintain"":1},""player_2"":{""close"":1,""kite"":1}}",pair-03__gpt-5-5-vs-gpt-5-4-mini,B,round_04_run_d887c7e9b5c2,player_2,player_1,150,140,10,0,13,17,256,,,
pair-03,pov1-gpt-5-4-mini__pov2-gpt-5-5,5,run_777e0819acaa,gpt-5-5,gpt-5-4-mini,gpt-5-4-mini,gpt-5-5,gpt-5-5,gpt-5-4-mini,False,player_1_dead,False,9.9,-10,5,145,160,-15.0,29.0,10,7,1,1,2,0,5459.75,5910.5,9341.0,6006.0,0,0,3,1,"{""all"":{""engage_opponent"":3,""strafe_attack"":1},""player_1"":{""engage_opponent"":2,""strafe_attack"":1},""player_2"":{""engage_opponent"":1}}","{""all"":{""only_when_aligned"":3,""suppressive"":1},""player_1"":{""only_when_aligned"":2,""suppressive"":1},""player_2"":{""only_when_aligned"":1}}","{""all"":{""close"":3,""maintain"":1},""player_1"":{""close"":2,""maintain"":1},""player_2"":{""close"":1}}",pair-03__gpt-5-5-vs-gpt-5-4-mini,B,round_05_run_777e0819acaa,player_2,player_1,160,145,5,-10,13,16,145,,,
pair-03,pov1-gpt-5-4-mini__pov2-gpt-5-5,6,run_ca941aaf5757,gpt-5-5,gpt-5-4-mini,gpt-5-4-mini,gpt-5-5,gpt-5-4-mini,gpt-5-5,False,player_2_dead,False,8.1,15,0,150,145,5.0,28.0,9,5,0,0,0,0,6168.333,6299.0,8708.0,6299.0,0,0,3,1,"{""all"":{""engage_opponent"":4},""player_1"":{""engage_opponent"":3},""player_2"":{""engage_opponent"":1}}","{""all"":{""only_when_aligned"":4},""player_1"":{""only_when_aligned"":3},""player_2"":{""only_when_aligned"":1}}","{""all"":{""close"":4},""player_1"":{""close"":3},""player_2"":{""close"":1}}",pair-03__gpt-5-5-vs-gpt-5-4-mini,B,round_06_run_ca941aaf5757,player_1,player_2,145,150,0,15,13,15,126,,,
pair-03,pov1-gpt-5-4-mini__pov2-gpt-5-5,7,run_a37065ecc456,gpt-5-5,gpt-5-4-mini,gpt-5-4-mini,gpt-5-5,gpt-5-5,gpt-5-4-mini,False,player_1_dead,False,6.9,-5,45,105,155,-50.0,25.0,8,5,2,0,2,0,5054.0,7096.0,5054.0,7096.0,0,0,2,1,"{""all"":{""engage_opponent"":3},""player_1"":{""engage_opponent"":2},""player_2"":{""engage_opponent"":1}}","{""all"":{""only_when_aligned"":3},""player_1"":{""only_when_aligned"":2},""player_2"":{""only_when_aligned"":1}}","{""all"":{""close"":3},""player_1"":{""close"":2},""player_2"":{""close"":1}}",pair-03__gpt-5-5-vs-gpt-5-4-mini,B,round_07_run_a37065ecc456,player_2,player_1,155,105,45,-5,12,13,144,,,
pair-03,pov1-gpt-5-4-mini__pov2-gpt-5-5,8,run_93783caf6a59,gpt-5-5,gpt-5-4-mini,gpt-5-4-mini,gpt-5-5,gpt-5-4-mini,gpt-5-5,False,player_2_dead,False,8.4,45,-5,155,105,50.0,24.0,8,6,0,1,1,0,4741.0,5591.0,4741.0,5725.0,0,0,3,1,"{""all"":{""engage_opponent"":3,""strafe_attack"":1},""player_1"":{""engage_opponent"":2,""strafe_attack"":1},""player_2"":{""engage_opponent"":1}}","{""all"":{""only_when_aligned"":3,""suppressive"":1},""player_1"":{""only_when_aligned"":2,""suppressive"":1},""player_2"":{""only_when_aligned"":1}}","{""all"":{""close"":3,""maintain"":1},""player_1"":{""close"":2,""maintain"":1},""player_2"":{""close"":1}}",pair-03__gpt-5-5-vs-gpt-5-4-mini,B,round_08_run_93783caf6a59,player_1,player_2,105,155,-5,45,14,10,147,,,
pair-03,pov1-gpt-5-4-mini__pov2-gpt-5-5,9,run_708b76c47d46,gpt-5-5,gpt-5-4-mini,gpt-5-4-mini,gpt-5-5,gpt-5-5,gpt-5-4-mini,False,player_1_dead,False,9.3,0,50,100,150,-50.0,22.0,9,9,2,2,3,0,4223.0,6258.5,4223.0,6374.0,0,0,2,1,"{""all"":{""engage_opponent"":3},""player_1"":{""engage_opponent"":2},""player_2"":{""engage_opponent"":1}}","{""all"":{""only_when_aligned"":3},""player_1"":{""only_when_aligned"":2},""player_2"":{""only_when_aligned"":1}}","{""all"":{""close"":3},""player_1"":{""close"":2},""player_2"":{""close"":1}}",pair-03__gpt-5-5-vs-gpt-5-4-mini,B,round_09_run_708b76c47d46,player_2,player_1,150,100,50,0,8,14,190,,,
pair-03,pov1-gpt-5-4-mini__pov2-gpt-5-5,10,run_d2d24ce0aa48,gpt-5-5,gpt-5-4-mini,gpt-5-4-mini,gpt-5-5,gpt-5-5,gpt-5-4-mini,False,player_1_dead,False,6.7,-5,40,110,155,-45.0,25.0,6,5,0,0,0,0,,6590.0,,6590.0,0,0,2,1,"{""all"":{""engage_opponent"":3},""player_1"":{""engage_opponent"":2},""player_2"":{""engage_opponent"":1}}","{""all"":{""only_when_aligned"":3},""player_1"":{""only_when_aligned"":2},""player_2"":{""only_when_aligned"":1}}","{""all"":{""close"":3},""player_1"":{""close"":2},""player_2"":{""close"":1}}",pair-03__gpt-5-5-vs-gpt-5-4-mini,B,round_10_run_d2d24ce0aa48,player_2,player_1,155,110,40,-5,11,14,129,,,
pair-03,pov1-gpt-5-5__pov2-gpt-5-4-mini,1,run_694581ea1311,gpt-5-5,gpt-5-4-mini,gpt-5-5,gpt-5-4-mini,gpt-5-4-mini,gpt-5-5,False,player_1_dead,False,7.0,-5,65,85,155,-70.0,23.0,6,8,1,1,2,0,5820.5,6300.0,5937.0,9230.0,0,0,1,2,"{""all"":{""engage_opponent"":3},""player_1"":{""engage_opponent"":1},""player_2"":{""engage_opponent"":2}}","{""all"":{""only_when_aligned"":3},""player_1"":{""only_when_aligned"":1},""player_2"":{""only_when_aligned"":2}}","{""all"":{""close"":3},""player_1"":{""close"":1},""player_2"":{""close"":2}}",pair-03__gpt-5-5-vs-gpt-5-4-mini,A,round_01_run_694581ea1311,player_2,player_1,85,155,-5,65,8,15,113,,,
pair-03,pov1-gpt-5-5__pov2-gpt-5-4-mini,2,run_2b8410c034af,gpt-5-5,gpt-5-4-mini,gpt-5-5,gpt-5-4-mini,gpt-5-4-mini,gpt-5-5,False,player_1_dead,False,96.7,-5,110,40,155,-115.0,15.0,25,24,0,0,0,0,6451.273,19243.267,8631.0,49628.0,0,0,11,15,"{""all"":{""engage_opponent"":3,""search"":17,""strafe_attack"":6},""player_1"":{""engage_opponent"":1,""search"":6,""strafe_attack"":4},""player_2"":{""engage_opponent"":2,""search"":11,""strafe_attack"":2}}","{""all"":{""burst_when_aligned"":3,""hold_fire"":17,""only_when_aligned"":3,""suppressive"":3},""player_1"":{""burst_when_aligned"":3,""hold_fire"":6,""only_when_aligned"":1,""suppressive"":1},""player_2"":{""hold_fire"":11,""only_when_aligned"":2,""suppressive"":2}}","{""all"":{""close"":3,""kite"":8,""maintain"":15},""player_1"":{""close"":1,""kite"":8,""maintain"":2},""player_2"":{""close"":2,""maintain"":13}}",pair-03__gpt-5-5-vs-gpt-5-4-mini,A,round_02_run_2b8410c034af,player_2,player_1,40,155,-5,110,3,12,574,,,
pair-03,pov1-gpt-5-5__pov2-gpt-5-4-mini,3,run_640d7b04ff96,gpt-5-5,gpt-5-4-mini,gpt-5-5,gpt-5-4-mini,gpt-5-4-mini,gpt-5-5,False,player_1_dead,False,13.5,0,45,105,150,-45.0,24.0,10,9,0,2,2,1,6672.333,9049.667,7769.0,12928.0,0,0,3,3,"{""all"":{""engage_opponent"":3,""strafe_attack"":3},""player_1"":{""engage_opponent"":2,""strafe_attack"":1},""player_2"":{""engage_opponent"":1,""strafe_attack"":2}}","{""all"":{""only_when_aligned"":3,""suppressive"":3},""player_1"":{""only_when_aligned"":2,""suppressive"":1},""player_2"":{""only_when_aligned"":1,""suppressive"":2}}","{""all"":{""close"":3,""maintain"":3},""player_1"":{""close"":2,""maintain"":1},""player_2"":{""close"":1,""maintain"":2}}",pair-03__gpt-5-5-vs-gpt-5-4-mini,A,round_03_run_640d7b04ff96,player_2,player_1,105,150,0,45,9,15,165,,,
pair-03,pov1-gpt-5-5__pov2-gpt-5-4-mini,4,run_d5f0f9a46d4f,gpt-5-5,gpt-5-4-mini,gpt-5-5,gpt-5-4-mini,gpt-5-4-mini,gpt-5-5,False,timeout_health,True,120.5,90,120,30,60,-30.0,9.0,23,43,1,0,1,0,5911.4,4328.684,7435.0,10308.0,1,26461,9,19,"{""all"":{""engage_opponent"":3,""search"":19,""strafe_attack"":6},""player_1"":{""engage_opponent"":1,""search"":6,""strafe_attack"":2},""player_2"":{""engage_opponent"":2,""search"":13,""strafe_attack"":4}}","{""all"":{""burst_when_aligned"":3,""hold_fire"":19,""only_when_aligned"":5,""suppressive"":1},""player_1"":{""burst_when_aligned"":2,""hold_fire"":6,""only_when_aligned"":1},""player_2"":{""burst_when_aligned"":1,""hold_fire"":13,""only_when_aligned"":4,""suppressive"":1}}","{""all"":{""close"":3,""kite"":8,""maintain"":17},""player_1"":{""close"":1,""kite"":8},""player_2"":{""close"":2,""maintain"":17}}",pair-03__gpt-5-5-vs-gpt-5-4-mini,A,round_04_run_d5f0f9a46d4f,player_2,player_1,30,60,90,120,3,6,766,,,
pair-03,pov1-gpt-5-5__pov2-gpt-5-4-mini,5,run_83cfc3241e48,gpt-5-5,gpt-5-4-mini,gpt-5-5,gpt-5-4-mini,gpt-5-4-mini,gpt-5-5,False,player_1_dead,False,70.3,0,70,80,150,-70.0,18.0,24,29,2,1,3,0,5570.4,4545.667,7129.0,8501.0,0,0,9,12,"{""all"":{""engage_opponent"":3,""search"":12,""strafe_attack"":6},""player_1"":{""engage_opponent"":1,""search"":6,""strafe_attack"":2},""player_2"":{""engage_opponent"":2,""search"":6,""strafe_attack"":4}}","{""all"":{""burst_when_aligned"":1,""hold_fire"":12,""only_when_aligned"":4,""suppressive"":4},""player_1"":{""hold_fire"":6,""only_when_aligned"":1,""suppressive"":2},""player_2"":{""burst_when_aligned"":1,""hold_fire"":6,""only_when_aligned"":3,""suppressive"":2}}","{""all"":{""close"":3,""kite"":1,""maintain"":17},""player_1"":{""close"":1,""maintain"":8},""player_2"":{""close"":2,""kite"":1,""maintain"":9}}",pair-03__gpt-5-5-vs-gpt-5-4-mini,A,round_05_run_83cfc3241e48,player_2,player_1,80,150,0,70,6,12,549,,,
pair-03,pov1-gpt-5-5__pov2-gpt-5-4-mini,6,run_a579c7802c53,gpt-5-5,gpt-5-4-mini,gpt-5-5,gpt-5-4-mini,gpt-5-4-mini,gpt-5-5,False,player_1_dead,False,9.3,-10,50,100,160,-60.0,22.0,9,9,2,2,4,0,8945.667,5607.667,14451.0,9648.0,0,0,2,2,"{""all"":{""engage_opponent"":3,""strafe_attack"":1},""player_1"":{""engage_opponent"":2},""player_2"":{""engage_opponent"":1,""strafe_attack"":1}}","{""all"":{""only_when_aligned"":3,""suppressive"":1},""player_1"":{""only_when_aligned"":2},""player_2"":{""only_when_aligned"":1,""suppressive"":1}}","{""all"":{""close"":3,""maintain"":1},""player_1"":{""close"":2},""player_2"":{""close"":1,""maintain"":1}}",pair-03__gpt-5-5-vs-gpt-5-4-mini,A,round_06_run_a579c7802c53,player_2,player_1,100,160,-10,50,8,14,212,,,
pair-03,pov1-gpt-5-5__pov2-gpt-5-4-mini,7,run_4bbad2755af7,gpt-5-5,gpt-5-4-mini,gpt-5-5,gpt-5-4-mini,gpt-5-4-mini,gpt-5-5,False,player_1_dead,False,9.5,0,55,95,150,-55.0,23.0,7,10,2,1,3,0,5556.0,4226.667,5589.0,7261.0,0,0,1,3,"{""all"":{""engage_opponent"":3,""strafe_attack"":1},""player_1"":{""engage_opponent"":1},""player_2"":{""engage_opponent"":2,""strafe_attack"":1}}","{""all"":{""only_when_aligned"":3,""suppressive"":1},""player_1"":{""only_when_aligned"":1},""player_2"":{""only_when_aligned"":2,""suppressive"":1}}","{""all"":{""close"":3,""maintain"":1},""player_1"":{""close"":1},""player_2"":{""close"":2,""maintain"":1}}",pair-03__gpt-5-5-vs-gpt-5-4-mini,A,round_07_run_4bbad2755af7,player_2,player_1,95,150,0,55,9,14,180,,,
pair-03,pov1-gpt-5-5__pov2-gpt-5-4-mini,8,run_d2006e25eed5,gpt-5-5,gpt-5-4-mini,gpt-5-5,gpt-5-4-mini,gpt-5-4-mini,gpt-5-5,False,player_1_dead,False,43.3,0,65,85,150,-65.0,23.0,15,17,2,1,3,0,6159.0,5574.833,7550.0,13482.0,0,0,5,6,"{""all"":{""engage_opponent"":4,""search"":4,""strafe_attack"":3},""player_1"":{""engage_opponent"":1,""search"":2,""strafe_attack"":2},""player_2"":{""engage_opponent"":3,""search"":2,""strafe_attack"":1}}","{""all"":{""burst_when_aligned"":2,""hold_fire"":4,""only_when_aligned"":4,""suppressive"":1},""player_1"":{""burst_when_aligned"":2,""hold_fire"":2,""only_when_aligned"":1},""player_2"":{""hold_fire"":2,""only_when_aligned"":3,""suppressive"":1}}","{""all"":{""close"":4,""kite"":4,""maintain"":3},""player_1"":{""close"":1,""kite"":4},""player_2"":{""close"":3,""maintain"":3}}",pair-03__gpt-5-5-vs-gpt-5-4-mini,A,round_08_run_d2006e25eed5,player_2,player_1,85,150,0,65,9,14,348,,,
pair-03,pov1-gpt-5-5__pov2-gpt-5-4-mini,9,run_f9bde5da490a,gpt-5-5,gpt-5-4-mini,gpt-5-5,gpt-5-4-mini,gpt-5-5,gpt-5-4-mini,False,player_2_dead,False,15.0,25,0,150,125,25.0,25.0,7,14,0,1,1,0,5946.5,5767.833,6129.0,14520.0,0,0,2,5,"{""all"":{""engage_opponent"":4,""search"":1,""strafe_attack"":2},""player_1"":{""engage_opponent"":1,""strafe_attack"":1},""player_2"":{""engage_opponent"":3,""search"":1,""strafe_attack"":1}}","{""all"":{""burst_when_aligned"":1,""hold_fire"":1,""only_when_aligned"":4,""suppressive"":1},""player_1"":{""burst_when_aligned"":1,""only_when_aligned"":1},""player_2"":{""hold_fire"":1,""only_when_aligned"":3,""suppressive"":1}}","{""all"":{""close"":4,""kite"":1,""maintain"":2},""player_1"":{""close"":1,""kite"":1},""player_2"":{""close"":3,""maintain"":2}}",pair-03__gpt-5-5-vs-gpt-5-4-mini,A,round_09_run_f9bde5da490a,player_1,player_2,150,125,25,0,13,12,211,,,
pair-03,pov1-gpt-5-5__pov2-gpt-5-4-mini,10,run_bce6881d0b68,gpt-5-5,gpt-5-4-mini,gpt-5-5,gpt-5-4-mini,gpt-5-4-mini,gpt-5-5,False,player_1_dead,False,10.1,0,45,105,150,-45.0,23.0,6,9,1,1,2,0,6569.5,3439.0,6651.0,3844.0,0,0,1,2,"{""all"":{""engage_opponent"":2,""strafe_attack"":1},""player_1"":{""engage_opponent"":1},""player_2"":{""engage_opponent"":1,""strafe_attack"":1}}","{""all"":{""only_when_aligned"":2,""suppressive"":1},""player_1"":{""only_when_aligned"":1},""player_2"":{""only_when_aligned"":1,""suppressive"":1}}","{""all"":{""close"":2,""maintain"":1},""player_1"":{""close"":1},""player_2"":{""close"":1,""maintain"":1}}",pair-03__gpt-5-5-vs-gpt-5-4-mini,A,round_10_run_bce6881d0b68,player_2,player_1,105,150,0,45,10,13,153,,,
pair-04,pov1-gpt-5-3-codex-spark__pov2-gpt-5-3-codex,1,run_fa896c430fe6,gpt-5-3-codex,gpt-5-3-codex-spark,gpt-5-3-codex-spark,gpt-5-3-codex,gpt-5-3-codex,gpt-5-3-codex-spark,False,player_1_dead,False,7.2,-10,15,135,160,-25.0,27.0,5,6,0,1,1,1,12937.0,,12937.0,,0,0,1,2,"{""all"":{""engage_opponent"":3},""player_1"":{""engage_opponent"":1},""player_2"":{""engage_opponent"":2}}","{""all"":{""only_when_aligned"":3},""player_1"":{""only_when_aligned"":1},""player_2"":{""only_when_aligned"":2}}","{""all"":{""close"":3},""player_1"":{""close"":1},""player_2"":{""close"":2}}",pair-04__gpt-5-3-codex-vs-gpt-5-3-codex-spark,B,round_01_run_fa896c430fe6,player_2,player_1,160,135,15,-10,13,14,121,,,
pair-04,pov1-gpt-5-3-codex-spark__pov2-gpt-5-3-codex,2,run_5b3b7caf303b,gpt-5-3-codex,gpt-5-3-codex-spark,gpt-5-3-codex-spark,gpt-5-3-codex,gpt-5-3-codex,gpt-5-3-codex-spark,False,player_1_dead,False,6.9,-10,55,95,160,-65.0,25.0,14,4,1,1,2,0,3952.6,,7611.0,,0,0,5,1,"{""all"":{""engage_opponent"":5,""strafe_attack"":1},""player_1"":{""engage_opponent"":4,""strafe_attack"":1},""player_2"":{""engage_opponent"":1}}","{""all"":{""burst_when_aligned"":1,""only_when_aligned"":5},""player_1"":{""burst_when_aligned"":1,""only_when_aligned"":4},""player_2"":{""only_when_aligned"":1}}","{""all"":{""close"":5,""kite"":1},""player_1"":{""close"":4,""kite"":1},""player_2"":{""close"":1}}",pair-04__gpt-5-3-codex-vs-gpt-5-3-codex-spark,B,round_02_run_5b3b7caf303b,player_2,player_1,160,95,55,-10,10,15,117,,,
pair-04,pov1-gpt-5-3-codex-spark__pov2-gpt-5-3-codex,3,run_61e3c7b8cc13,gpt-5-3-codex,gpt-5-3-codex-spark,gpt-5-3-codex-spark,gpt-5-3-codex,gpt-5-3-codex,gpt-5-3-codex-spark,False,player_1_dead,False,6.7,-5,85,65,155,-90.0,21.0,14,4,1,1,2,0,3688.167,,8505.0,,0,0,5,1,"{""all"":{""engage_opponent"":5,""strafe_attack"":1},""player_1"":{""engage_opponent"":4,""strafe_attack"":1},""player_2"":{""engage_opponent"":1}}","{""all"":{""burst_when_aligned"":1,""only_when_aligned"":5},""player_1"":{""burst_when_aligned"":1,""only_when_aligned"":4},""player_2"":{""only_when_aligned"":1}}","{""all"":{""close"":5,""kite"":1},""player_1"":{""close"":4,""kite"":1},""player_2"":{""close"":1}}",pair-04__gpt-5-3-codex-vs-gpt-5-3-codex-spark,B,round_03_run_61e3c7b8cc13,player_2,player_1,155,65,85,-5,8,13,124,,,
pair-04,pov1-gpt-5-3-codex-spark__pov2-gpt-5-3-codex,4,run_ab4c3b8d8257,gpt-5-3-codex,gpt-5-3-codex-spark,gpt-5-3-codex-spark,gpt-5-3-codex,gpt-5-3-codex,gpt-5-3-codex-spark,False,player_1_dead,False,6.9,-5,40,110,155,-45.0,29.0,11,4,1,1,2,0,1833.4,,4231.0,,0,0,4,1,"{""all"":{""engage_opponent"":2,""strafe_attack"":3},""player_1"":{""engage_opponent"":1,""strafe_attack"":3},""player_2"":{""engage_opponent"":1}}","{""all"":{""burst_when_aligned"":1,""only_when_aligned"":2,""suppressive"":2},""player_1"":{""burst_when_aligned"":1,""only_when_aligned"":1,""suppressive"":2},""player_2"":{""only_when_aligned"":1}}","{""all"":{""close"":2,""kite"":1,""maintain"":2},""player_1"":{""close"":1,""kite"":1,""maintain"":2},""player_2"":{""close"":1}}",pair-04__gpt-5-3-codex-vs-gpt-5-3-codex-spark,B,round_04_run_ab4c3b8d8257,player_2,player_1,155,110,40,-5,12,17,136,,,
pair-04,pov1-gpt-5-3-codex-spark__pov2-gpt-5-3-codex,5,run_893437fc3397,gpt-5-3-codex,gpt-5-3-codex-spark,gpt-5-3-codex-spark,gpt-5-3-codex,gpt-5-3-codex,gpt-5-3-codex-spark,False,player_1_dead,False,6.6,-5,40,110,155,-45.0,25.0,15,4,2,1,3,0,2467.167,,5386.0,,0,0,5,1,"{""all"":{""engage_opponent"":5,""strafe_attack"":1},""player_1"":{""engage_opponent"":4,""strafe_attack"":1},""player_2"":{""engage_opponent"":1}}","{""all"":{""only_when_aligned"":5,""suppressive"":1},""player_1"":{""only_when_aligned"":4,""suppressive"":1},""player_2"":{""only_when_aligned"":1}}","{""all"":{""close"":5,""maintain"":1},""player_1"":{""close"":4,""maintain"":1},""player_2"":{""close"":1}}",pair-04__gpt-5-3-codex-vs-gpt-5-3-codex-spark,B,round_05_run_893437fc3397,player_2,player_1,155,110,40,-5,12,13,148,,,
pair-04,pov1-gpt-5-3-codex-spark__pov2-gpt-5-3-codex,6,run_6fc8466abc9d,gpt-5-3-codex,gpt-5-3-codex-spark,gpt-5-3-codex-spark,gpt-5-3-codex,gpt-5-3-codex,gpt-5-3-codex-spark,False,player_1_dead,False,9.1,-5,35,115,155,-40.0,28.0,15,4,2,1,2,0,5177.4,,10475.0,,0,0,5,1,"{""all"":{""engage_opponent"":5,""strafe_attack"":1},""player_1"":{""engage_opponent"":4,""strafe_attack"":1},""player_2"":{""engage_opponent"":1}}","{""all"":{""only_when_aligned"":5,""suppressive"":1},""player_1"":{""only_when_aligned"":4,""suppressive"":1},""player_2"":{""only_when_aligned"":1}}","{""all"":{""close"":5,""maintain"":1},""player_1"":{""close"":4,""maintain"":1},""player_2"":{""close"":1}}",pair-04__gpt-5-3-codex-vs-gpt-5-3-codex-spark,B,round_06_run_6fc8466abc9d,player_2,player_1,155,115,35,-5,13,15,165,,,
pair-04,pov1-gpt-5-3-codex-spark__pov2-gpt-5-3-codex,7,run_78feffa1cb1a,gpt-5-3-codex,gpt-5-3-codex-spark,gpt-5-3-codex-spark,gpt-5-3-codex,gpt-5-3-codex,gpt-5-3-codex-spark,False,player_1_dead,False,10.8,0,125,25,150,-125.0,15.0,16,4,1,1,2,0,2240.167,,6796.0,,0,0,6,1,"{""all"":{""engage_opponent"":3,""search"":2,""strafe_attack"":2},""player_1"":{""engage_opponent"":2,""search"":2,""strafe_attack"":2},""player_2"":{""engage_opponent"":1}}","{""all"":{""burst_when_aligned"":1,""hold_fire"":2,""only_when_aligned"":3,""suppressive"":1},""player_1"":{""burst_when_aligned"":1,""hold_fire"":2,""only_when_aligned"":2,""suppressive"":1},""player_2"":{""only_when_aligned"":1}}","{""all"":{""close"":3,""kite"":1,""maintain"":3},""player_1"":{""close"":2,""kite"":1,""maintain"":3},""player_2"":{""close"":1}}",pair-04__gpt-5-3-codex-vs-gpt-5-3-codex-spark,B,round_07_run_78feffa1cb1a,player_2,player_1,150,25,125,0,2,13,157,,,
pair-04,pov1-gpt-5-3-codex-spark__pov2-gpt-5-3-codex,8,run_6263eddd5dc9,gpt-5-3-codex,gpt-5-3-codex-spark,gpt-5-3-codex-spark,gpt-5-3-codex,gpt-5-3-codex,gpt-5-3-codex-spark,False,player_1_dead,False,13.8,0,20,130,150,-20.0,27.0,17,4,0,0,0,0,3466.286,,8630.0,,0,0,7,2,"{""all"":{""engage_opponent"":6,""strafe_attack"":3},""player_1"":{""engage_opponent"":5,""strafe_attack"":2},""player_2"":{""engage_opponent"":1,""strafe_attack"":1}}","{""all"":{""burst_when_aligned"":1,""only_when_aligned"":6,""suppressive"":2},""player_1"":{""burst_when_aligned"":1,""only_when_aligned"":5,""suppressive"":1},""player_2"":{""only_when_aligned"":1,""suppressive"":1}}","{""all"":{""close"":6,""kite"":1,""maintain"":2},""player_1"":{""close"":5,""kite"":1,""maintain"":1},""player_2"":{""close"":1,""maintain"":1}}",pair-04__gpt-5-3-codex-vs-gpt-5-3-codex-spark,B,round_08_run_6263eddd5dc9,player_2,player_1,150,130,20,0,11,16,213,,,
pair-04,pov1-gpt-5-3-codex-spark__pov2-gpt-5-3-codex,9,run_f1044dce3b45,gpt-5-3-codex,gpt-5-3-codex-spark,gpt-5-3-codex-spark,gpt-5-3-codex,gpt-5-3-codex,gpt-5-3-codex-spark,False,player_1_dead,False,7.4,-5,10,140,155,-15.0,29.0,15,4,2,1,3,0,3484.333,,7076.0,,0,0,5,1,"{""all"":{""engage_opponent"":5,""strafe_attack"":1},""player_1"":{""engage_opponent"":4,""strafe_attack"":1},""player_2"":{""engage_opponent"":1}}","{""all"":{""only_when_aligned"":5,""suppressive"":1},""player_1"":{""only_when_aligned"":4,""suppressive"":1},""player_2"":{""only_when_aligned"":1}}","{""all"":{""close"":5,""maintain"":1},""player_1"":{""close"":4,""maintain"":1},""player_2"":{""close"":1}}",pair-04__gpt-5-3-codex-vs-gpt-5-3-codex-spark,B,round_09_run_f1044dce3b45,player_2,player_1,155,140,10,-5,13,16,136,,,
pair-04,pov1-gpt-5-3-codex-spark__pov2-gpt-5-3-codex,10,run_9574b5dcf478,gpt-5-3-codex,gpt-5-3-codex-spark,gpt-5-3-codex-spark,gpt-5-3-codex,gpt-5-3-codex,gpt-5-3-codex-spark,False,player_1_dead,False,8.7,-10,40,110,160,-50.0,25.0,19,3,2,0,2,0,5268.5,,10917.0,,0,0,7,1,"{""all"":{""engage_opponent"":6,""strafe_attack"":2},""player_1"":{""engage_opponent"":5,""strafe_attack"":2},""player_2"":{""engage_opponent"":1}}","{""all"":{""burst_when_aligned"":1,""only_when_aligned"":6,""suppressive"":1},""player_1"":{""burst_when_aligned"":1,""only_when_aligned"":5,""suppressive"":1},""player_2"":{""only_when_aligned"":1}}","{""all"":{""close"":6,""kite"":1,""maintain"":1},""player_1"":{""close"":5,""kite"":1,""maintain"":1},""player_2"":{""close"":1}}",pair-04__gpt-5-3-codex-vs-gpt-5-3-codex-spark,B,round_10_run_9574b5dcf478,player_2,player_1,160,110,40,-10,10,15,144,,,
pair-04,pov1-gpt-5-3-codex__pov2-gpt-5-3-codex-spark,1,run_c35c169d0d90,gpt-5-3-codex,gpt-5-3-codex-spark,gpt-5-3-codex,gpt-5-3-codex-spark,gpt-5-3-codex,gpt-5-3-codex-spark,False,player_2_dead,False,11.0,60,-5,155,90,65.0,21.0,5,19,1,1,2,1,5886.0,1956.667,5886.0,4620.0,1,1520,1,7,"{""all"":{""engage_opponent"":5,""hold"":1,""search"":1,""strafe_attack"":1},""player_1"":{""engage_opponent"":1},""player_2"":{""engage_opponent"":4,""hold"":1,""search"":1,""strafe_attack"":1}}","{""all"":{""burst_when_aligned"":2,""hold_fire"":1,""only_when_aligned"":5},""player_1"":{""only_when_aligned"":1},""player_2"":{""burst_when_aligned"":2,""hold_fire"":1,""only_when_aligned"":4}}","{""all"":{""close"":4,""kite"":2,""maintain"":2},""player_1"":{""close"":1},""player_2"":{""close"":3,""kite"":2,""maintain"":2}}",pair-04__gpt-5-3-codex-vs-gpt-5-3-codex-spark,A,round_01_run_c35c169d0d90,player_1,player_2,155,90,60,-5,14,7,172,,,
pair-04,pov1-gpt-5-3-codex__pov2-gpt-5-3-codex-spark,2,run_21169cec43cb,gpt-5-3-codex,gpt-5-3-codex-spark,gpt-5-3-codex,gpt-5-3-codex-spark,gpt-5-3-codex-spark,gpt-5-3-codex,False,player_1_dead,False,7.0,-5,25,125,155,-30.0,26.0,4,5,0,1,1,0,,13353.5,,25669.0,0,0,1,1,"{""all"":{""engage_opponent"":2},""player_1"":{""engage_opponent"":1},""player_2"":{""engage_opponent"":1}}","{""all"":{""only_when_aligned"":2},""player_1"":{""only_when_aligned"":1},""player_2"":{""only_when_aligned"":1}}","{""all"":{""close"":2},""player_1"":{""close"":1},""player_2"":{""close"":1}}",pair-04__gpt-5-3-codex-vs-gpt-5-3-codex-spark,A,round_02_run_21169cec43cb,player_2,player_1,125,155,-5,25,12,14,164,,,
pair-04,pov1-gpt-5-3-codex__pov2-gpt-5-3-codex-spark,3,run_e93c0acc3f36,gpt-5-3-codex,gpt-5-3-codex-spark,gpt-5-3-codex,gpt-5-3-codex-spark,gpt-5-3-codex,gpt-5-3-codex-spark,False,player_2_dead,False,8.4,45,0,150,105,45.0,21.0,5,10,1,0,1,0,6136.0,,6136.0,,0,0,1,4,"{""all"":{""engage_opponent"":5},""player_1"":{""engage_opponent"":1},""player_2"":{""engage_opponent"":4}}","{""all"":{""only_when_aligned"":5},""player_1"":{""only_when_aligned"":1},""player_2"":{""only_when_aligned"":4}}","{""all"":{""close"":5},""player_1"":{""close"":1},""player_2"":{""close"":4}}",pair-04__gpt-5-3-codex-vs-gpt-5-3-codex-spark,A,round_03_run_e93c0acc3f36,player_1,player_2,150,105,45,0,9,12,122,,,
pair-04,pov1-gpt-5-3-codex__pov2-gpt-5-3-codex-spark,4,run_aef8a7d264d1,gpt-5-3-codex,gpt-5-3-codex-spark,gpt-5-3-codex,gpt-5-3-codex-spark,gpt-5-3-codex-spark,gpt-5-3-codex,False,player_1_dead,False,8.3,0,20,130,150,-20.0,27.0,5,14,0,1,1,0,,,,,0,0,2,6,"{""all"":{""engage_opponent"":7,""strafe_attack"":1},""player_1"":{""engage_opponent"":2},""player_2"":{""engage_opponent"":5,""strafe_attack"":1}}","{""all"":{""only_when_aligned"":7,""suppressive"":1},""player_1"":{""only_when_aligned"":2},""player_2"":{""only_when_aligned"":5,""suppressive"":1}}","{""all"":{""close"":7,""maintain"":1},""player_1"":{""close"":2},""player_2"":{""close"":5,""maintain"":1}}",pair-04__gpt-5-3-codex-vs-gpt-5-3-codex-spark,A,round_04_run_aef8a7d264d1,player_2,player_1,130,150,0,20,13,14,119,,,
pair-04,pov1-gpt-5-3-codex__pov2-gpt-5-3-codex-spark,5,run_cbb81bcb1274,gpt-5-3-codex,gpt-5-3-codex-spark,gpt-5-3-codex,gpt-5-3-codex-spark,gpt-5-3-codex,gpt-5-3-codex-spark,False,player_2_dead,False,9.0,25,-5,155,125,30.0,25.0,5,16,1,1,2,0,6370.0,2802.0,6370.0,4787.0,0,0,1,6,"{""all"":{""engage_opponent"":4,""strafe_attack"":3},""player_1"":{""engage_opponent"":1},""player_2"":{""engage_opponent"":3,""strafe_attack"":3}}","{""all"":{""burst_when_aligned"":1,""only_when_aligned"":5,""suppressive"":1},""player_1"":{""only_when_aligned"":1},""player_2"":{""burst_when_aligned"":1,""only_when_aligned"":4,""suppressive"":1}}","{""all"":{""close"":4,""kite"":2,""maintain"":1},""player_1"":{""close"":1},""player_2"":{""close"":3,""kite"":2,""maintain"":1}}",pair-04__gpt-5-3-codex-vs-gpt-5-3-codex-spark,A,round_05_run_cbb81bcb1274,player_1,player_2,155,125,25,-5,13,12,130,,,
pair-04,pov1-gpt-5-3-codex__pov2-gpt-5-3-codex-spark,6,run_4427012e55c1,gpt-5-3-codex,gpt-5-3-codex-spark,gpt-5-3-codex,gpt-5-3-codex-spark,gpt-5-3-codex,gpt-5-3-codex-spark,False,player_2_dead,False,10.0,10,0,150,140,10.0,28.0,8,12,0,1,1,0,16840.667,1427.5,27188.0,1680.0,0,0,3,4,"{""all"":{""engage_opponent"":4,""strafe_attack"":3},""player_1"":{""engage_opponent"":3},""player_2"":{""engage_opponent"":1,""strafe_attack"":3}}","{""all"":{""burst_when_aligned"":2,""only_when_aligned"":4,""suppressive"":1},""player_1"":{""only_when_aligned"":3},""player_2"":{""burst_when_aligned"":2,""only_when_aligned"":1,""suppressive"":1}}","{""all"":{""close"":4,""kite"":3},""player_1"":{""close"":3},""player_2"":{""close"":1,""kite"":3}}",pair-04__gpt-5-3-codex-vs-gpt-5-3-codex-spark,A,round_06_run_4427012e55c1,player_1,player_2,150,140,10,0,14,14,176,,,
pair-04,pov1-gpt-5-3-codex__pov2-gpt-5-3-codex-spark,7,run_68daa4ff60e3,gpt-5-3-codex,gpt-5-3-codex-spark,gpt-5-3-codex,gpt-5-3-codex-spark,gpt-5-3-codex,gpt-5-3-codex-spark,False,player_2_dead,False,50.0,10,0,150,140,10.0,28.0,5,9,1,1,2,0,5864.0,2047.5,5864.0,2293.0,0,0,1,2,"{""all"":{""engage_opponent"":2,""strafe_attack"":1},""player_1"":{""engage_opponent"":1},""player_2"":{""engage_opponent"":1,""strafe_attack"":1}}","{""all"":{""only_when_aligned"":2,""suppressive"":1},""player_1"":{""only_when_aligned"":1},""player_2"":{""only_when_aligned"":1,""suppressive"":1}}","{""all"":{""close"":2,""maintain"":1},""player_1"":{""close"":1},""player_2"":{""close"":1,""maintain"":1}}",pair-04__gpt-5-3-codex-vs-gpt-5-3-codex-spark,A,round_07_run_68daa4ff60e3,player_1,player_2,150,140,10,0,14,14,114,,,
pair-04,pov1-gpt-5-3-codex__pov2-gpt-5-3-codex-spark,8,run_cc2d52babe1c,gpt-5-3-codex,gpt-5-3-codex-spark,gpt-5-3-codex,gpt-5-3-codex-spark,gpt-5-3-codex,gpt-5-3-codex-spark,False,player_2_dead,False,14.3,65,0,150,85,65.0,24.0,5,10,1,0,1,0,10887.0,5771.5,10887.0,13604.0,0,0,1,4,"{""all"":{""engage_opponent"":5},""player_1"":{""engage_opponent"":1},""player_2"":{""engage_opponent"":4}}","{""all"":{""only_when_aligned"":5},""player_1"":{""only_when_aligned"":1},""player_2"":{""only_when_aligned"":4}}","{""all"":{""close"":5},""player_1"":{""close"":1},""player_2"":{""close"":4}}",pair-04__gpt-5-3-codex-vs-gpt-5-3-codex-spark,A,round_08_run_cc2d52babe1c,player_1,player_2,150,85,65,0,15,9,150,,,
pair-04,pov1-gpt-5-3-codex__pov2-gpt-5-3-codex-spark,9,run_9d7e871d6020,gpt-5-3-codex,gpt-5-3-codex-spark,gpt-5-3-codex,gpt-5-3-codex-spark,gpt-5-3-codex-spark,gpt-5-3-codex,False,player_1_dead,False,10.0,0,10,140,150,-10.0,28.0,8,12,2,0,2,0,5917.0,7257.75,7074.0,15586.0,0,0,1,4,"{""all"":{""engage_opponent"":3,""strafe_attack"":2},""player_1"":{""engage_opponent"":1},""player_2"":{""engage_opponent"":2,""strafe_attack"":2}}","{""all"":{""only_when_aligned"":3,""suppressive"":2},""player_1"":{""only_when_aligned"":1},""player_2"":{""only_when_aligned"":2,""suppressive"":2}}","{""all"":{""close"":3,""maintain"":2},""player_1"":{""close"":1},""player_2"":{""close"":2,""maintain"":2}}",pair-04__gpt-5-3-codex-vs-gpt-5-3-codex-spark,A,round_09_run_9d7e871d6020,player_2,player_1,140,150,0,10,12,16,193,,,
pair-04,pov1-gpt-5-3-codex__pov2-gpt-5-3-codex-spark,10,run_a32e1cd21996,gpt-5-3-codex,gpt-5-3-codex-spark,gpt-5-3-codex,gpt-5-3-codex-spark,gpt-5-3-codex,gpt-5-3-codex-spark,False,player_2_dead,False,5.7,55,-5,155,95,60.0,23.0,10,13,3,1,2,0,7406.667,,12273.0,,0,0,2,3,"{""all"":{""engage_opponent"":3,""strafe_attack"":2},""player_1"":{""engage_opponent"":2},""player_2"":{""engage_opponent"":1,""strafe_attack"":2}}","{""all"":{""only_when_aligned"":4,""suppressive"":1},""player_1"":{""only_when_aligned"":2},""player_2"":{""only_when_aligned"":2,""suppressive"":1}}","{""all"":{""close"":3,""kite"":1,""maintain"":1},""player_1"":{""close"":2},""player_2"":{""close"":1,""kite"":1,""maintain"":1}}",pair-04__gpt-5-3-codex-vs-gpt-5-3-codex-spark,A,round_10_run_a32e1cd21996,player_1,player_2,155,95,55,-5,12,11,108,,,
pair-05,pov1-gpt-5-3-codex__pov2-gpt-5-4-mini,1,run_a7a2f9561125,gpt-5-3-codex,gpt-5-4-mini,gpt-5-3-codex,gpt-5-4-mini,gpt-5-4-mini,gpt-5-3-codex,False,player_1_dead,False,9.8,-5,5,145,155,-10.0,26.0,6,18,0,2,2,0,10313.0,5764.0,13609.0,6770.0,0,0,2,1,"{""all"":{""engage_opponent"":3},""player_1"":{""engage_opponent"":2},""player_2"":{""engage_opponent"":1}}","{""all"":{""only_when_aligned"":3},""player_1"":{""only_when_aligned"":2},""player_2"":{""only_when_aligned"":1}}","{""all"":{""close"":3},""player_1"":{""close"":2},""player_2"":{""close"":1}}",pair-05__gpt-5-3-codex-vs-gpt-5-4-mini,A,round_01_run_a7a2f9561125,player_2,player_1,145,155,-5,5,13,13,123,,,
pair-05,pov1-gpt-5-3-codex__pov2-gpt-5-4-mini,2,run_8ca2e1afb66a,gpt-5-3-codex,gpt-5-4-mini,gpt-5-3-codex,gpt-5-4-mini,gpt-5-4-mini,gpt-5-3-codex,False,player_1_dead,False,8.1,-5,10,140,155,-15.0,30.0,10,8,2,1,3,0,28862.0,3477.0,66058.0,3734.0,0,0,2,2,"{""all"":{""engage_opponent"":3,""strafe_attack"":1},""player_1"":{""engage_opponent"":2},""player_2"":{""engage_opponent"":1,""strafe_attack"":1}}","{""all"":{""only_when_aligned"":3,""suppressive"":1},""player_1"":{""only_when_aligned"":2},""player_2"":{""only_when_aligned"":1,""suppressive"":1}}","{""all"":{""close"":3,""maintain"":1},""player_1"":{""close"":2},""player_2"":{""close"":1,""maintain"":1}}",pair-05__gpt-5-3-codex-vs-gpt-5-4-mini,A,round_02_run_8ca2e1afb66a,player_2,player_1,140,155,-5,10,13,17,153,,,
pair-05,pov1-gpt-5-3-codex__pov2-gpt-5-4-mini,3,run_3fb565f27bcc,gpt-5-3-codex,gpt-5-4-mini,gpt-5-3-codex,gpt-5-4-mini,gpt-5-4-mini,gpt-5-3-codex,False,player_1_dead,False,6.5,0,20,130,150,-20.0,25.0,6,7,2,1,3,0,,,,,0,0,1,2,"{""all"":{""engage_opponent"":3},""player_1"":{""engage_opponent"":1},""player_2"":{""engage_opponent"":2}}","{""all"":{""only_when_aligned"":3},""player_1"":{""only_when_aligned"":1},""player_2"":{""only_when_aligned"":2}}","{""all"":{""close"":3},""player_1"":{""close"":1},""player_2"":{""close"":2}}",pair-05__gpt-5-3-codex-vs-gpt-5-4-mini,A,round_03_run_3fb565f27bcc,player_2,player_1,130,150,0,20,12,13,111,,,
pair-05,pov1-gpt-5-3-codex__pov2-gpt-5-4-mini,4,run_fa5105d1c8ce,gpt-5-3-codex,gpt-5-4-mini,gpt-5-3-codex,gpt-5-4-mini,gpt-5-4-mini,gpt-5-3-codex,False,player_1_dead,False,6.7,0,80,70,150,-80.0,20.0,8,7,2,2,4,0,33.0,5086.0,33.0,6543.0,0,0,2,1,"{""all"":{""engage_opponent"":3},""player_1"":{""engage_opponent"":2},""player_2"":{""engage_opponent"":1}}","{""all"":{""only_when_aligned"":3},""player_1"":{""only_when_aligned"":2},""player_2"":{""only_when_aligned"":1}}","{""all"":{""close"":3},""player_1"":{""close"":2},""player_2"":{""close"":1}}",pair-05__gpt-5-3-codex-vs-gpt-5-4-mini,A,round_04_run_fa5105d1c8ce,player_2,player_1,70,150,0,80,7,13,99,,,
pair-05,pov1-gpt-5-3-codex__pov2-gpt-5-4-mini,5,run_349047c07b93,gpt-5-3-codex,gpt-5-4-mini,gpt-5-3-codex,gpt-5-4-mini,gpt-5-4-mini,gpt-5-3-codex,False,player_1_dead,False,8.2,0,10,140,150,-10.0,31.0,7,9,2,2,4,0,11358.5,7900.333,15873.0,10007.0,0,0,1,2,"{""all"":{""engage_opponent"":3},""player_1"":{""engage_opponent"":1},""player_2"":{""engage_opponent"":2}}","{""all"":{""only_when_aligned"":3},""player_1"":{""only_when_aligned"":1},""player_2"":{""only_when_aligned"":2}}","{""all"":{""close"":3},""player_1"":{""close"":1},""player_2"":{""close"":2}}",pair-05__gpt-5-3-codex-vs-gpt-5-4-mini,A,round_05_run_349047c07b93,player_2,player_1,140,150,0,10,14,17,149,,,
pair-05,pov1-gpt-5-3-codex__pov2-gpt-5-4-mini,6,run_5b3153fba186,gpt-5-3-codex,gpt-5-4-mini,gpt-5-3-codex,gpt-5-4-mini,gpt-5-4-mini,gpt-5-3-codex,False,player_1_dead,False,8.5,-5,30,120,155,-35.0,28.0,7,11,1,2,3,1,29.0,2793.5,29.0,2835.0,0,0,2,3,"{""all"":{""engage_opponent"":5},""player_1"":{""engage_opponent"":2},""player_2"":{""engage_opponent"":3}}","{""all"":{""only_when_aligned"":5},""player_1"":{""only_when_aligned"":2},""player_2"":{""only_when_aligned"":3}}","{""all"":{""close"":5},""player_1"":{""close"":2},""player_2"":{""close"":3}}",pair-05__gpt-5-3-codex-vs-gpt-5-4-mini,A,round_06_run_5b3153fba186,player_2,player_1,120,155,-5,30,12,16,140,,,
pair-05,pov1-gpt-5-3-codex__pov2-gpt-5-4-mini,7,run_698f3d8c2b72,gpt-5-3-codex,gpt-5-4-mini,gpt-5-3-codex,gpt-5-4-mini,gpt-5-4-mini,gpt-5-3-codex,False,player_1_dead,False,8.5,-5,30,120,155,-35.0,32.0,5,8,0,2,2,0,,9338.0,,12643.0,0,0,2,1,"{""all"":{""engage_opponent"":3},""player_1"":{""engage_opponent"":2},""player_2"":{""engage_opponent"":1}}","{""all"":{""only_when_aligned"":3},""player_1"":{""only_when_aligned"":2},""player_2"":{""only_when_aligned"":1}}","{""all"":{""close"":3},""player_1"":{""close"":2},""player_2"":{""close"":1}}",pair-05__gpt-5-3-codex-vs-gpt-5-4-mini,A,round_07_run_698f3d8c2b72,player_2,player_1,120,155,-5,30,14,18,160,,,
pair-05,pov1-gpt-5-3-codex__pov2-gpt-5-4-mini,8,run_55087a206459,gpt-5-3-codex,gpt-5-4-mini,gpt-5-3-codex,gpt-5-4-mini,gpt-5-4-mini,gpt-5-3-codex,False,player_1_dead,False,7.8,0,20,130,150,-20.0,26.0,5,7,0,1,1,0,,,,,0,0,1,2,"{""all"":{""engage_opponent"":3},""player_1"":{""engage_opponent"":1},""player_2"":{""engage_opponent"":2}}","{""all"":{""only_when_aligned"":3},""player_1"":{""only_when_aligned"":1},""player_2"":{""only_when_aligned"":2}}","{""all"":{""close"":3},""player_1"":{""close"":1},""player_2"":{""close"":2}}",pair-05__gpt-5-3-codex-vs-gpt-5-4-mini,A,round_08_run_55087a206459,player_2,player_1,130,150,0,20,14,12,123,,,
pair-05,pov1-gpt-5-3-codex__pov2-gpt-5-4-mini,9,run_8036a990ba9f,gpt-5-3-codex,gpt-5-4-mini,gpt-5-3-codex,gpt-5-4-mini,gpt-5-4-mini,gpt-5-3-codex,False,player_1_dead,False,6.2,-10,30,120,160,-40.0,25.0,14,4,2,0,2,0,17054.0,4835.0,28214.0,4835.0,0,0,1,1,"{""all"":{""engage_opponent"":2},""player_1"":{""engage_opponent"":1},""player_2"":{""engage_opponent"":1}}","{""all"":{""only_when_aligned"":2},""player_1"":{""only_when_aligned"":1},""player_2"":{""only_when_aligned"":1}}","{""all"":{""close"":2},""player_1"":{""close"":1},""player_2"":{""close"":1}}",pair-05__gpt-5-3-codex-vs-gpt-5-4-mini,A,round_09_run_8036a990ba9f,player_2,player_1,120,160,-10,30,11,14,94,,,
pair-05,pov1-gpt-5-3-codex__pov2-gpt-5-4-mini,10,run_95cb42613e30,gpt-5-3-codex,gpt-5-4-mini,gpt-5-3-codex,gpt-5-4-mini,gpt-5-4-mini,gpt-5-3-codex,False,player_1_dead,False,11.5,0,25,125,150,-25.0,29.0,8,9,1,1,2,0,5483.0,3175.0,5510.0,3175.0,0,0,2,3,"{""all"":{""engage_opponent"":3,""strafe_attack"":2},""player_1"":{""engage_opponent"":1,""strafe_attack"":1},""player_2"":{""engage_opponent"":2,""strafe_attack"":1}}","{""all"":{""only_when_aligned"":3,""suppressive"":2},""player_1"":{""only_when_aligned"":1,""suppressive"":1},""player_2"":{""only_when_aligned"":2,""suppressive"":1}}","{""all"":{""close"":3,""maintain"":2},""player_1"":{""close"":1,""maintain"":1},""player_2"":{""close"":2,""maintain"":1}}",pair-05__gpt-5-3-codex-vs-gpt-5-4-mini,A,round_10_run_95cb42613e30,player_2,player_1,125,150,0,25,13,16,183,,,
pair-05,pov1-gpt-5-4-mini__pov2-gpt-5-3-codex,1,run_6b39d073473a,gpt-5-3-codex,gpt-5-4-mini,gpt-5-4-mini,gpt-5-3-codex,gpt-5-3-codex,gpt-5-4-mini,False,player_1_dead,False,6.9,0,40,110,150,-40.0,27.0,9,6,1,1,2,0,4963.0,5797.5,6932.0,5852.0,0,0,2,1,"{""all"":{""engage_opponent"":3},""player_1"":{""engage_opponent"":2},""player_2"":{""engage_opponent"":1}}","{""all"":{""only_when_aligned"":3},""player_1"":{""only_when_aligned"":2},""player_2"":{""only_when_aligned"":1}}","{""all"":{""close"":3},""player_1"":{""close"":2},""player_2"":{""close"":1}}",pair-05__gpt-5-3-codex-vs-gpt-5-4-mini,B,round_01_run_6b39d073473a,player_2,player_1,150,110,40,0,11,16,119,,,
pair-05,pov1-gpt-5-4-mini__pov2-gpt-5-3-codex,2,run_9c2afb75fd13,gpt-5-3-codex,gpt-5-4-mini,gpt-5-4-mini,gpt-5-3-codex,gpt-5-3-codex,gpt-5-4-mini,False,player_1_dead,False,8.8,0,25,125,150,-25.0,28.0,9,6,2,1,3,0,4630.0,6140.0,6961.0,6450.0,0,0,2,1,"{""all"":{""engage_opponent"":3},""player_1"":{""engage_opponent"":2},""player_2"":{""engage_opponent"":1}}","{""all"":{""only_when_aligned"":3},""player_1"":{""only_when_aligned"":2},""player_2"":{""only_when_aligned"":1}}","{""all"":{""close"":3},""player_1"":{""close"":2},""player_2"":{""close"":1}}",pair-05__gpt-5-3-codex-vs-gpt-5-4-mini,B,round_02_run_9c2afb75fd13,player_2,player_1,150,125,25,0,12,16,122,,,
pair-05,pov1-gpt-5-4-mini__pov2-gpt-5-3-codex,3,run_d9ececb7ec57,gpt-5-3-codex,gpt-5-4-mini,gpt-5-4-mini,gpt-5-3-codex,gpt-5-3-codex,gpt-5-4-mini,False,player_1_dead,False,60.8,0,25,125,150,-25.0,28.0,9,6,2,1,3,0,5229.667,6737.5,9852.0,7788.0,0,0,2,1,"{""all"":{""engage_opponent"":3},""player_1"":{""engage_opponent"":2},""player_2"":{""engage_opponent"":1}}","{""all"":{""only_when_aligned"":3},""player_1"":{""only_when_aligned"":2},""player_2"":{""only_when_aligned"":1}}","{""all"":{""close"":3},""player_1"":{""close"":2},""player_2"":{""close"":1}}",pair-05__gpt-5-3-codex-vs-gpt-5-4-mini,B,round_03_run_d9ececb7ec57,player_2,player_1,150,125,25,0,12,16,106,,,
pair-05,pov1-gpt-5-4-mini__pov2-gpt-5-3-codex,4,run_505ca942a0e4,gpt-5-3-codex,gpt-5-4-mini,gpt-5-4-mini,gpt-5-3-codex,gpt-5-3-codex,gpt-5-4-mini,False,player_1_dead,False,21.2,0,30,120,150,-30.0,24.0,9,6,2,1,3,0,4642.0,6640.5,7897.0,7573.0,0,0,2,1,"{""all"":{""engage_opponent"":3},""player_1"":{""engage_opponent"":2},""player_2"":{""engage_opponent"":1}}","{""all"":{""only_when_aligned"":3},""player_1"":{""only_when_aligned"":2},""player_2"":{""only_when_aligned"":1}}","{""all"":{""close"":3},""player_1"":{""close"":2},""player_2"":{""close"":1}}",pair-05__gpt-5-3-codex-vs-gpt-5-4-mini,B,round_04_run_505ca942a0e4,player_2,player_1,150,120,30,0,11,13,130,,,
pair-05,pov1-gpt-5-4-mini__pov2-gpt-5-3-codex,5,run_815888849cbd,gpt-5-3-codex,gpt-5-4-mini,gpt-5-4-mini,gpt-5-3-codex,gpt-5-4-mini,gpt-5-3-codex,False,player_2_dead,False,7.0,20,0,150,130,20.0,25.0,9,6,2,1,3,0,6001.667,7041.5,10586.0,7745.0,0,0,2,1,"{""all"":{""engage_opponent"":3},""player_1"":{""engage_opponent"":2},""player_2"":{""engage_opponent"":1}}","{""all"":{""only_when_aligned"":3},""player_1"":{""only_when_aligned"":2},""player_2"":{""only_when_aligned"":1}}","{""all"":{""close"":3},""player_1"":{""close"":2},""player_2"":{""close"":1}}",pair-05__gpt-5-3-codex-vs-gpt-5-4-mini,B,round_05_run_815888849cbd,player_1,player_2,130,150,0,20,12,13,115,,,
pair-05,pov1-gpt-5-4-mini__pov2-gpt-5-3-codex,6,run_3e1e994676a6,gpt-5-3-codex,gpt-5-4-mini,gpt-5-4-mini,gpt-5-3-codex,gpt-5-3-codex,gpt-5-4-mini,False,player_1_dead,False,8.5,0,15,135,150,-15.0,30.0,9,6,2,1,3,0,5420.0,7159.0,10025.0,8266.0,0,0,2,1,"{""all"":{""engage_opponent"":3},""player_1"":{""engage_opponent"":2},""player_2"":{""engage_opponent"":1}}","{""all"":{""only_when_aligned"":3},""player_1"":{""only_when_aligned"":2},""player_2"":{""only_when_aligned"":1}}","{""all"":{""close"":3},""player_1"":{""close"":2},""player_2"":{""close"":1}}",pair-05__gpt-5-3-codex-vs-gpt-5-4-mini,B,round_06_run_3e1e994676a6,player_2,player_1,150,135,15,0,15,15,147,,,
pair-05,pov1-gpt-5-4-mini__pov2-gpt-5-3-codex,7,run_fcb29d6dda06,gpt-5-3-codex,gpt-5-4-mini,gpt-5-4-mini,gpt-5-3-codex,gpt-5-3-codex,gpt-5-4-mini,False,player_1_dead,False,5.6,0,55,95,150,-55.0,20.0,9,5,1,0,1,0,8886.667,6735.0,14970.0,6735.0,0,0,3,1,"{""all"":{""engage_opponent"":4},""player_1"":{""engage_opponent"":3},""player_2"":{""engage_opponent"":1}}","{""all"":{""only_when_aligned"":4},""player_1"":{""only_when_aligned"":3},""player_2"":{""only_when_aligned"":1}}","{""all"":{""close"":4},""player_1"":{""close"":3},""player_2"":{""close"":1}}",pair-05__gpt-5-3-codex-vs-gpt-5-4-mini,B,round_07_run_fcb29d6dda06,player_2,player_1,150,95,55,0,8,12,89,,,
pair-05,pov1-gpt-5-4-mini__pov2-gpt-5-3-codex,8,run_4a4d2ee64ebc,gpt-5-3-codex,gpt-5-4-mini,gpt-5-4-mini,gpt-5-3-codex,gpt-5-3-codex,gpt-5-4-mini,False,player_1_dead,False,8.4,-5,55,95,155,-60.0,26.0,9,6,0,1,1,0,7750.0,5922.0,13649.0,6097.0,0,0,3,1,"{""all"":{""engage_opponent"":4},""player_1"":{""engage_opponent"":3},""player_2"":{""engage_opponent"":1}}","{""all"":{""only_when_aligned"":4},""player_1"":{""only_when_aligned"":3},""player_2"":{""only_when_aligned"":1}}","{""all"":{""close"":4},""player_1"":{""close"":3},""player_2"":{""close"":1}}",pair-05__gpt-5-3-codex-vs-gpt-5-4-mini,B,round_08_run_4a4d2ee64ebc,player_2,player_1,155,95,55,-5,11,15,142,,,
pair-05,pov1-gpt-5-4-mini__pov2-gpt-5-3-codex,9,run_dd7a4c04e6f8,gpt-5-3-codex,gpt-5-4-mini,gpt-5-4-mini,gpt-5-3-codex,gpt-5-4-mini,gpt-5-3-codex,False,player_2_dead,False,7.4,15,-10,160,135,25.0,25.0,10,8,0,2,2,0,15008.75,19135.0,23651.0,32674.0,0,0,4,1,"{""all"":{""engage_opponent"":5},""player_1"":{""engage_opponent"":4},""player_2"":{""engage_opponent"":1}}","{""all"":{""only_when_aligned"":5},""player_1"":{""only_when_aligned"":4},""player_2"":{""only_when_aligned"":1}}","{""all"":{""close"":5},""player_1"":{""close"":4},""player_2"":{""close"":1}}",pair-05__gpt-5-3-codex-vs-gpt-5-4-mini,B,round_09_run_dd7a4c04e6f8,player_1,player_2,135,160,-10,15,13,12,210,,,
pair-05,pov1-gpt-5-4-mini__pov2-gpt-5-3-codex,10,run_d5d4058e0c18,gpt-5-3-codex,gpt-5-4-mini,gpt-5-4-mini,gpt-5-3-codex,gpt-5-3-codex,gpt-5-4-mini,False,player_1_dead,False,6.8,-5,75,75,155,-80.0,21.0,5,8,1,1,2,0,4123.0,10364.0,4123.0,15767.0,0,0,1,2,"{""all"":{""engage_opponent"":3},""player_1"":{""engage_opponent"":1},""player_2"":{""engage_opponent"":2}}","{""all"":{""only_when_aligned"":3},""player_1"":{""only_when_aligned"":1},""player_2"":{""only_when_aligned"":2}}","{""all"":{""close"":3},""player_1"":{""close"":1},""player_2"":{""close"":2}}",pair-05__gpt-5-3-codex-vs-gpt-5-4-mini,B,round_10_run_d5d4058e0c18,player_2,player_1,155,75,75,-5,8,13,127,,,
pair-06,pov1-gpt-5-3-codex-spark__pov2-gpt-5-4-mini,1,run_350b09b50a27,gpt-5-3-codex-spark,gpt-5-4-mini,gpt-5-3-codex-spark,gpt-5-4-mini,gpt-5-4-mini,gpt-5-3-codex-spark,False,player_1_dead,False,14.1,0,25,125,150,-25.0,29.0,23,11,3,2,3,0,3252.667,4149.333,11911.0,6308.0,0,0,5,2,"{""all"":{""engage_opponent"":2,""search"":1,""strafe_attack"":4},""player_1"":{""engage_opponent"":1,""search"":1,""strafe_attack"":3},""player_2"":{""engage_opponent"":1,""strafe_attack"":1}}","{""all"":{""burst_when_aligned"":2,""hold_fire"":1,""only_when_aligned"":2,""suppressive"":2},""player_1"":{""burst_when_aligned"":2,""hold_fire"":1,""only_when_aligned"":1,""suppressive"":1},""player_2"":{""only_when_aligned"":1,""suppressive"":1}}","{""all"":{""close"":2,""kite"":2,""maintain"":3},""player_1"":{""close"":1,""kite"":2,""maintain"":2},""player_2"":{""close"":1,""maintain"":1}}",pair-06__gpt-5-3-codex-spark-vs-gpt-5-4-mini,A,round_01_run_350b09b50a27,player_2,player_1,125,150,0,25,12,17,204,,,
pair-06,pov1-gpt-5-3-codex-spark__pov2-gpt-5-4-mini,2,run_2a6dfc23bd58,gpt-5-3-codex-spark,gpt-5-4-mini,gpt-5-3-codex-spark,gpt-5-4-mini,gpt-5-4-mini,gpt-5-3-codex-spark,False,player_1_dead,False,12.7,-10,30,120,160,-40.0,26.0,19,5,2,1,3,0,5356.0,13552.0,10974.0,13552.0,0,0,6,1,"{""all"":{""engage_opponent"":7},""player_1"":{""engage_opponent"":6},""player_2"":{""engage_opponent"":1}}","{""all"":{""only_when_aligned"":7},""player_1"":{""only_when_aligned"":6},""player_2"":{""only_when_aligned"":1}}","{""all"":{""close"":7},""player_1"":{""close"":6},""player_2"":{""close"":1}}",pair-06__gpt-5-3-codex-spark-vs-gpt-5-4-mini,A,round_02_run_2a6dfc23bd58,player_2,player_1,120,160,-10,30,11,15,187,,,
pair-06,pov1-gpt-5-3-codex-spark__pov2-gpt-5-4-mini,3,run_4c71e8bf2508,gpt-5-3-codex-spark,gpt-5-4-mini,gpt-5-3-codex-spark,gpt-5-4-mini,gpt-5-4-mini,gpt-5-3-codex-spark,False,player_1_dead,False,9.9,0,40,110,150,-40.0,25.0,19,6,0,1,1,0,3899.0,7976.0,10550.0,7976.0,0,0,7,1,"{""all"":{""engage_opponent"":6,""strafe_attack"":2},""player_1"":{""engage_opponent"":5,""strafe_attack"":2},""player_2"":{""engage_opponent"":1}}","{""all"":{""only_when_aligned"":6,""suppressive"":2},""player_1"":{""only_when_aligned"":5,""suppressive"":2},""player_2"":{""only_when_aligned"":1}}","{""all"":{""close"":6,""maintain"":2},""player_1"":{""close"":5,""maintain"":2},""player_2"":{""close"":1}}",pair-06__gpt-5-3-codex-spark-vs-gpt-5-4-mini,A,round_03_run_4c71e8bf2508,player_2,player_1,110,150,0,40,11,14,167,,,
pair-06,pov1-gpt-5-3-codex-spark__pov2-gpt-5-4-mini,4,run_553de1fa32d4,gpt-5-3-codex-spark,gpt-5-4-mini,gpt-5-3-codex-spark,gpt-5-4-mini,gpt-5-4-mini,gpt-5-3-codex-spark,False,player_1_dead,False,8.1,-10,20,130,160,-30.0,27.0,11,8,2,1,3,0,1872.75,5382.5,2859.0,8177.0,0,0,3,2,"{""all"":{""engage_opponent"":3,""strafe_attack"":2},""player_1"":{""engage_opponent"":1,""strafe_attack"":2},""player_2"":{""engage_opponent"":2}}","{""all"":{""burst_when_aligned"":1,""only_when_aligned"":3,""suppressive"":1},""player_1"":{""burst_when_aligned"":1,""only_when_aligned"":1,""suppressive"":1},""player_2"":{""only_when_aligned"":2}}","{""all"":{""close"":3,""kite"":1,""maintain"":1},""player_1"":{""close"":1,""kite"":1,""maintain"":1},""player_2"":{""close"":2}}",pair-06__gpt-5-3-codex-spark-vs-gpt-5-4-mini,A,round_04_run_553de1fa32d4,player_2,player_1,130,160,-10,20,12,15,141,,,
pair-06,pov1-gpt-5-3-codex-spark__pov2-gpt-5-4-mini,5,run_98ac31b1c585,gpt-5-3-codex-spark,gpt-5-4-mini,gpt-5-3-codex-spark,gpt-5-4-mini,gpt-5-4-mini,gpt-5-3-codex-spark,False,player_1_dead,False,7.3,-5,50,100,155,-55.0,24.0,10,8,1,1,2,0,2226.5,3509.0,3769.0,4238.0,0,0,3,2,"{""all"":{""engage_opponent"":3,""strafe_attack"":2},""player_1"":{""engage_opponent"":2,""strafe_attack"":1},""player_2"":{""engage_opponent"":1,""strafe_attack"":1}}","{""all"":{""only_when_aligned"":3,""suppressive"":2},""player_1"":{""only_when_aligned"":2,""suppressive"":1},""player_2"":{""only_when_aligned"":1,""suppressive"":1}}","{""all"":{""close"":3,""maintain"":2},""player_1"":{""close"":2,""maintain"":1},""player_2"":{""close"":1,""maintain"":1}}",pair-06__gpt-5-3-codex-spark-vs-gpt-5-4-mini,A,round_05_run_98ac31b1c585,player_2,player_1,100,155,-5,50,10,14,157,,,
pair-06,pov1-gpt-5-3-codex-spark__pov2-gpt-5-4-mini,6,run_ef07203fe8a7,gpt-5-3-codex-spark,gpt-5-4-mini,gpt-5-3-codex-spark,gpt-5-4-mini,gpt-5-3-codex-spark,gpt-5-4-mini,False,player_2_dead,False,8.6,35,-10,160,115,45.0,30.0,10,8,1,1,2,0,3047.25,4348.0,5513.0,5057.0,0,0,3,2,"{""all"":{""engage_opponent"":3,""strafe_attack"":2},""player_1"":{""engage_opponent"":2,""strafe_attack"":1},""player_2"":{""engage_opponent"":1,""strafe_attack"":1}}","{""all"":{""only_when_aligned"":3,""suppressive"":2},""player_1"":{""only_when_aligned"":2,""suppressive"":1},""player_2"":{""only_when_aligned"":1,""suppressive"":1}}","{""all"":{""close"":3,""maintain"":2},""player_1"":{""close"":2,""maintain"":1},""player_2"":{""close"":1,""maintain"":1}}",pair-06__gpt-5-3-codex-spark-vs-gpt-5-4-mini,A,round_06_run_ef07203fe8a7,player_1,player_2,160,115,35,-10,16,14,213,,,
pair-06,pov1-gpt-5-3-codex-spark__pov2-gpt-5-4-mini,7,run_3d39d2007d0a,gpt-5-3-codex-spark,gpt-5-4-mini,gpt-5-3-codex-spark,gpt-5-4-mini,gpt-5-3-codex-spark,gpt-5-4-mini,False,player_2_dead,False,8.2,5,0,150,145,5.0,28.0,5,9,0,1,1,0,3386.0,10663.333,3386.0,19219.0,0,0,1,3,"{""all"":{""engage_opponent"":4},""player_1"":{""engage_opponent"":1},""player_2"":{""engage_opponent"":3}}","{""all"":{""only_when_aligned"":4},""player_1"":{""only_when_aligned"":1},""player_2"":{""only_when_aligned"":3}}","{""all"":{""close"":4},""player_1"":{""close"":1},""player_2"":{""close"":3}}",pair-06__gpt-5-3-codex-spark-vs-gpt-5-4-mini,A,round_07_run_3d39d2007d0a,player_1,player_2,150,145,5,0,14,14,225,,,
pair-06,pov1-gpt-5-3-codex-spark__pov2-gpt-5-4-mini,8,run_5f5fb619e65c,gpt-5-3-codex-spark,gpt-5-4-mini,gpt-5-3-codex-spark,gpt-5-4-mini,gpt-5-4-mini,gpt-5-3-codex-spark,False,player_1_dead,False,8.3,-5,30,120,155,-35.0,25.0,15,11,1,2,3,0,2914.25,8559.75,7513.0,14756.0,0,0,4,3,"{""all"":{""engage_opponent"":5,""strafe_attack"":2},""player_1"":{""engage_opponent"":2,""strafe_attack"":2},""player_2"":{""engage_opponent"":3}}","{""all"":{""burst_when_aligned"":1,""only_when_aligned"":4,""suppressive"":2},""player_1"":{""burst_when_aligned"":1,""only_when_aligned"":1,""suppressive"":2},""player_2"":{""only_when_aligned"":3}}","{""all"":{""close"":4,""kite"":1,""maintain"":2},""player_1"":{""close"":1,""kite"":1,""maintain"":2},""player_2"":{""close"":3}}",pair-06__gpt-5-3-codex-spark-vs-gpt-5-4-mini,A,round_08_run_5f5fb619e65c,player_2,player_1,120,155,-5,30,12,13,146,,,
pair-06,pov1-gpt-5-3-codex-spark__pov2-gpt-5-4-mini,9,run_44b834308a0f,gpt-5-3-codex-spark,gpt-5-4-mini,gpt-5-3-codex-spark,gpt-5-4-mini,gpt-5-4-mini,gpt-5-3-codex-spark,False,player_1_dead,False,7.3,0,20,130,150,-20.0,24.0,6,7,2,2,3,0,2529.0,3043.0,3572.0,3348.0,0,0,1,1,"{""all"":{""engage_opponent"":2},""player_1"":{""engage_opponent"":1},""player_2"":{""engage_opponent"":1}}","{""all"":{""only_when_aligned"":2},""player_1"":{""only_when_aligned"":1},""player_2"":{""only_when_aligned"":1}}","{""all"":{""close"":2},""player_1"":{""close"":1},""player_2"":{""close"":1}}",pair-06__gpt-5-3-codex-spark-vs-gpt-5-4-mini,A,round_09_run_44b834308a0f,player_2,player_1,130,150,0,20,11,13,166,,,
pair-06,pov1-gpt-5-3-codex-spark__pov2-gpt-5-4-mini,10,run_73bcb99bef70,gpt-5-3-codex-spark,gpt-5-4-mini,gpt-5-3-codex-spark,gpt-5-4-mini,gpt-5-3-codex-spark,gpt-5-4-mini,False,player_2_dead,False,8.7,5,-10,160,145,15.0,28.0,12,7,1,2,3,0,1715.333,4422.0,2063.0,5180.0,0,0,3,1,"{""all"":{""engage_opponent"":3,""strafe_attack"":1},""player_1"":{""engage_opponent"":2,""strafe_attack"":1},""player_2"":{""engage_opponent"":1}}","{""all"":{""only_when_aligned"":3,""suppressive"":1},""player_1"":{""only_when_aligned"":2,""suppressive"":1},""player_2"":{""only_when_aligned"":1}}","{""all"":{""close"":3,""maintain"":1},""player_1"":{""close"":2,""maintain"":1},""player_2"":{""close"":1}}",pair-06__gpt-5-3-codex-spark-vs-gpt-5-4-mini,A,round_10_run_73bcb99bef70,player_1,player_2,160,145,5,-10,14,14,136,,,
pair-06,pov1-gpt-5-4-mini__pov2-gpt-5-3-codex-spark,1,run_6877e36cf52e,gpt-5-3-codex-spark,gpt-5-4-mini,gpt-5-4-mini,gpt-5-3-codex-spark,gpt-5-3-codex-spark,gpt-5-4-mini,False,player_1_dead,False,7.4,-5,30,120,155,-35.0,25.0,8,5,1,0,1,0,3969.5,,4294.0,,0,0,2,4,"{""all"":{""engage_opponent"":4,""strafe_attack"":2},""player_1"":{""engage_opponent"":1,""strafe_attack"":1},""player_2"":{""engage_opponent"":3,""strafe_attack"":1}}","{""all"":{""burst_when_aligned"":1,""only_when_aligned"":4,""suppressive"":1},""player_1"":{""only_when_aligned"":1,""suppressive"":1},""player_2"":{""burst_when_aligned"":1,""only_when_aligned"":3}}","{""all"":{""close"":4,""kite"":1,""maintain"":1},""player_1"":{""close"":1,""maintain"":1},""player_2"":{""close"":3,""kite"":1}}",pair-06__gpt-5-3-codex-spark-vs-gpt-5-4-mini,B,round_01_run_6877e36cf52e,player_2,player_1,155,120,30,-5,12,13,189,,,
pair-06,pov1-gpt-5-4-mini__pov2-gpt-5-3-codex-spark,2,run_8764418538ac,gpt-5-3-codex-spark,gpt-5-4-mini,gpt-5-4-mini,gpt-5-3-codex-spark,gpt-5-4-mini,gpt-5-3-codex-spark,False,player_2_dead,False,11.9,25,-5,155,125,30.0,29.0,8,7,1,0,1,0,4593.0,,6007.0,,0,0,2,6,"{""all"":{""engage_opponent"":7,""strafe_attack"":1},""player_1"":{""engage_opponent"":1,""strafe_attack"":1},""player_2"":{""engage_opponent"":6}}","{""all"":{""only_when_aligned"":7,""suppressive"":1},""player_1"":{""only_when_aligned"":1,""suppressive"":1},""player_2"":{""only_when_aligned"":6}}","{""all"":{""close"":7,""maintain"":1},""player_1"":{""close"":1,""maintain"":1},""player_2"":{""close"":6}}",pair-06__gpt-5-3-codex-spark-vs-gpt-5-4-mini,B,round_02_run_8764418538ac,player_1,player_2,125,155,-5,25,15,14,252,,,
pair-06,pov1-gpt-5-4-mini__pov2-gpt-5-3-codex-spark,3,run_cda386549a03,gpt-5-3-codex-spark,gpt-5-4-mini,gpt-5-4-mini,gpt-5-3-codex-spark,gpt-5-3-codex-spark,gpt-5-4-mini,False,player_1_dead,False,9.5,0,20,130,150,-20.0,29.0,9,10,2,1,3,0,5221.333,1130.0,8407.0,1624.0,0,0,2,4,"{""all"":{""engage_opponent"":4,""strafe_attack"":2},""player_1"":{""engage_opponent"":2},""player_2"":{""engage_opponent"":2,""strafe_attack"":2}}","{""all"":{""burst_when_aligned"":1,""only_when_aligned"":4,""suppressive"":1},""player_1"":{""only_when_aligned"":2},""player_2"":{""burst_when_aligned"":1,""only_when_aligned"":2,""suppressive"":1}}","{""all"":{""close"":4,""kite"":1,""maintain"":1},""player_1"":{""close"":2},""player_2"":{""close"":2,""kite"":1,""maintain"":1}}",pair-06__gpt-5-3-codex-spark-vs-gpt-5-4-mini,B,round_03_run_cda386549a03,player_2,player_1,150,130,20,0,13,16,209,,,
pair-06,pov1-gpt-5-4-mini__pov2-gpt-5-3-codex-spark,4,run_740243c4be4f,gpt-5-3-codex-spark,gpt-5-4-mini,gpt-5-4-mini,gpt-5-3-codex-spark,gpt-5-3-codex-spark,gpt-5-4-mini,False,player_1_dead,False,11.1,-10,20,130,160,-30.0,29.0,9,13,0,2,2,0,3142.667,3268.2,3303.0,5749.0,0,0,3,4,"{""all"":{""engage_opponent"":3,""strafe_attack"":4},""player_1"":{""engage_opponent"":1,""strafe_attack"":2},""player_2"":{""engage_opponent"":2,""strafe_attack"":2}}","{""all"":{""burst_when_aligned"":1,""only_when_aligned"":3,""suppressive"":3},""player_1"":{""burst_when_aligned"":1,""only_when_aligned"":1,""suppressive"":1},""player_2"":{""only_when_aligned"":2,""suppressive"":2}}","{""all"":{""close"":3,""kite"":1,""maintain"":3},""player_1"":{""close"":1,""kite"":1,""maintain"":1},""player_2"":{""close"":2,""maintain"":2}}",pair-06__gpt-5-3-codex-spark-vs-gpt-5-4-mini,B,round_04_run_740243c4be4f,player_2,player_1,160,130,20,-10,13,16,194,,,
pair-06,pov1-gpt-5-4-mini__pov2-gpt-5-3-codex-spark,5,run_c02f48a5c510,gpt-5-3-codex-spark,gpt-5-4-mini,gpt-5-4-mini,gpt-5-3-codex-spark,gpt-5-3-codex-spark,gpt-5-4-mini,False,player_1_dead,False,8.2,-5,20,130,155,-25.0,28.0,10,12,1,1,2,0,5011.333,1693.0,7466.0,1908.0,0,0,3,3,"{""all"":{""engage_opponent"":3,""strafe_attack"":3},""player_1"":{""engage_opponent"":2,""strafe_attack"":1},""player_2"":{""engage_opponent"":1,""strafe_attack"":2}}","{""all"":{""burst_when_aligned"":1,""only_when_aligned"":3,""suppressive"":2},""player_1"":{""only_when_aligned"":2,""suppressive"":1},""player_2"":{""burst_when_aligned"":1,""only_when_aligned"":1,""suppressive"":1}}","{""all"":{""close"":3,""kite"":1,""maintain"":2},""player_1"":{""close"":2,""maintain"":1},""player_2"":{""close"":1,""kite"":1,""maintain"":1}}",pair-06__gpt-5-3-codex-spark-vs-gpt-5-4-mini,B,round_05_run_c02f48a5c510,player_2,player_1,155,130,20,-5,12,16,141,,,
pair-06,pov1-gpt-5-4-mini__pov2-gpt-5-3-codex-spark,6,run_e9a6aa40a58d,gpt-5-3-codex-spark,gpt-5-4-mini,gpt-5-4-mini,gpt-5-3-codex-spark,gpt-5-3-codex-spark,gpt-5-4-mini,False,player_1_dead,False,10.1,-5,20,130,155,-25.0,29.0,9,16,2,1,3,0,3861.333,3183.6,4087.0,7000.0,0,0,2,5,"{""all"":{""engage_opponent"":4,""strafe_attack"":3},""player_1"":{""engage_opponent"":1,""strafe_attack"":1},""player_2"":{""engage_opponent"":3,""strafe_attack"":2}}","{""all"":{""only_when_aligned"":4,""suppressive"":3},""player_1"":{""only_when_aligned"":1,""suppressive"":1},""player_2"":{""only_when_aligned"":3,""suppressive"":2}}","{""all"":{""close"":4,""maintain"":3},""player_1"":{""close"":1,""maintain"":1},""player_2"":{""close"":3,""maintain"":2}}",pair-06__gpt-5-3-codex-spark-vs-gpt-5-4-mini,B,round_06_run_e9a6aa40a58d,player_2,player_1,155,130,20,-5,13,16,141,,,
pair-06,pov1-gpt-5-4-mini__pov2-gpt-5-3-codex-spark,7,run_dce1b9884362,gpt-5-3-codex-spark,gpt-5-4-mini,gpt-5-4-mini,gpt-5-3-codex-spark,gpt-5-3-codex-spark,gpt-5-4-mini,False,player_1_dead,False,9.2,-5,5,145,155,-10.0,28.0,8,13,1,0,1,0,4973.0,5202.6,5236.0,10948.0,0,0,2,5,"{""all"":{""engage_opponent"":6,""strafe_attack"":1},""player_1"":{""engage_opponent"":1,""strafe_attack"":1},""player_2"":{""engage_opponent"":5}}","{""all"":{""only_when_aligned"":6,""suppressive"":1},""player_1"":{""only_when_aligned"":1,""suppressive"":1},""player_2"":{""only_when_aligned"":5}}","{""all"":{""close"":6,""maintain"":1},""player_1"":{""close"":1,""maintain"":1},""player_2"":{""close"":5}}",pair-06__gpt-5-3-codex-spark-vs-gpt-5-4-mini,B,round_07_run_dce1b9884362,player_2,player_1,155,145,5,-5,13,15,238,,,
pair-06,pov1-gpt-5-4-mini__pov2-gpt-5-3-codex-spark,8,run_6502adb77361,gpt-5-3-codex-spark,gpt-5-4-mini,gpt-5-4-mini,gpt-5-3-codex-spark,gpt-5-4-mini,gpt-5-3-codex-spark,False,player_2_dead,False,8.5,20,-5,155,130,25.0,25.0,13,21,1,0,1,0,13205.0,2643.5,40509.0,5028.0,0,0,4,8,"{""all"":{""engage_opponent"":9,""strafe_attack"":3},""player_1"":{""engage_opponent"":3,""strafe_attack"":1},""player_2"":{""engage_opponent"":6,""strafe_attack"":2}}","{""all"":{""burst_when_aligned"":1,""only_when_aligned"":9,""suppressive"":2},""player_1"":{""burst_when_aligned"":1,""only_when_aligned"":3},""player_2"":{""only_when_aligned"":6,""suppressive"":2}}","{""all"":{""close"":9,""kite"":1,""maintain"":2},""player_1"":{""close"":3,""kite"":1},""player_2"":{""close"":6,""maintain"":2}}",pair-06__gpt-5-3-codex-spark-vs-gpt-5-4-mini,B,round_08_run_6502adb77361,player_1,player_2,130,155,-5,20,13,12,199,,,
pair-06,pov1-gpt-5-4-mini__pov2-gpt-5-3-codex-spark,9,run_6c263e29290f,gpt-5-3-codex-spark,gpt-5-4-mini,gpt-5-4-mini,gpt-5-3-codex-spark,gpt-5-3-codex-spark,gpt-5-4-mini,False,player_1_dead,False,8.0,-5,70,80,155,-75.0,23.0,7,16,2,1,3,0,4093.5,3114.4,4863.0,7009.0,0,0,1,5,"{""all"":{""engage_opponent"":4,""strafe_attack"":2},""player_1"":{""engage_opponent"":1},""player_2"":{""engage_opponent"":3,""strafe_attack"":2}}","{""all"":{""only_when_aligned"":4,""suppressive"":2},""player_1"":{""only_when_aligned"":1},""player_2"":{""only_when_aligned"":3,""suppressive"":2}}","{""all"":{""close"":4,""maintain"":2},""player_1"":{""close"":1},""player_2"":{""close"":3,""maintain"":2}}",pair-06__gpt-5-3-codex-spark-vs-gpt-5-4-mini,B,round_09_run_6c263e29290f,player_2,player_1,155,80,70,-5,8,15,165,,,
pair-06,pov1-gpt-5-4-mini__pov2-gpt-5-3-codex-spark,10,run_0ee7d4784cb2,gpt-5-3-codex-spark,gpt-5-4-mini,gpt-5-4-mini,gpt-5-3-codex-spark,gpt-5-3-codex-spark,gpt-5-4-mini,False,player_1_dead,False,8.8,0,45,105,150,-45.0,25.0,34,40,2,4,3,1,9671.0,9644.0,24612.0,9644.0,1,5961,5,1,"{""all"":{""engage_opponent"":6},""player_1"":{""engage_opponent"":5},""player_2"":{""engage_opponent"":1}}","{""all"":{""only_when_aligned"":6},""player_1"":{""only_when_aligned"":5},""player_2"":{""only_when_aligned"":1}}","{""all"":{""close"":6},""player_1"":{""close"":5},""player_2"":{""close"":1}}",pair-06__gpt-5-3-codex-spark-vs-gpt-5-4-mini,B,round_10_run_0ee7d4784cb2,player_2,player_1,150,105,45,0,10,15,181,,,
